C6H6(GT),PT08.S2(NMHC),CO
14.6,1136,2.8
11.8,1044,3.3
15.4,1160,3.1
15.8,1173,2.4
19.8,1291,4.7
3.1,660,0.4
14.0,1117,3.6
2.3,602,0.7
6.6,837,1.7
17.5,1224,2.9
18.8,1264,4.2
3.1,656,0.4
8.2,909,2.0
8.8,931,1.6
7.2,866,1.6
6.5,836,1.6
19.5,1283,3.4
32.0,1597,7.2
8.5,919,1.0
14.2,1123,2.2
3.7,694,0.7
1.8,569,0.5
2.4,612,0.5
19.0,1267,2.9
23.7,1395,4.0
14.0,1116,2.3
4.5,738,1.6
14.6,1137,2.6
12.8,1077,2.6
3.3,671,0.9
5.9,807,1.8
10.6,998,2.4
16.4,1193,3.7
5.5,787,1.5
5.1,770,1.2
3.9,706,1.0
16.9,1206,3.0
7.5,880,1.9
14.3,1126,2.9
8.5,919,3.7
12.6,1071,3.1
7.5,878,2.5
8.2,909,3.5
19.5,1283,3.2
4.4,732,1.2
8.5,919,4.8
9.2,948,1.6
12.4,1064,2.2
12.4,1062,2.6
29.0,1527,6.4
17.3,1218,3.1
13.0,1083,2.1
21.6,1341,3.6
3.8,699,0.4
13.8,1110,2.7
23.2,1383,3.9
8.8,933,2.0
4.6,741,1.3
23.4,1388,3.9
2.2,596,0.8
17.0,1210,2.9
3.0,653,1.2
4.4,734,0.8
10.1,981,0.8
3.4,679,0.8
2.9,644,0.6
12.5,1067,3.4
7.7,885,1.3
4.6,743,0.7
15.5,1163,3.2
5.6,792,1.7
8.5,919,5.4
3.6,691,0.5
13.1,1088,2.2
3.2,666,0.5
8.6,923,2.4
10.9,1012,3.1
12.0,1049,1.6
26.1,1457,5.5
21.4,1334,4.1
9.5,959,1.7
8.5,921,1.8
3.0,651,0.6
2.0,582,0.9
12.0,1051,1.9
3.8,702,0.6
3.3,673,1.1
3.5,681,1.1
4.3,727,1.3
2.7,635,0.9
0.6,449,0.4
2.3,602,0.9
2.9,644,0.6
2.3,608,1.2
14.8,1143,2.6
8.8,933,1.9
11.7,1041,2.1
8.6,924,2.3
5.6,791,0.7
20.1,1298,2.6
14.2,1123,2.7
3.6,689,0.9
28.4,1514,5.7
10.7,1003,1.9
13.2,1091,1.8
5.2,771,0.8
21.3,1333,4.5
6.8,849,1.1
3.6,685,1.0
13.8,1109,2.6
10.0,976,2.1
8.5,919,3.4
11.7,1040,2.4
6.4,828,1.6
20.6,1312,3.2
9.7,966,2.2
11.3,1024,2.4
14.3,1126,3.3
7.1,861,0.9
5.5,788,0.9
2.5,621,0.7
20.2,1303,3.6
25.9,1451,4.4
6.4,829,1.3
2.2,597,0.2
15.2,1156,3.6
2.6,628,0.8
8.1,903,1.4
8.5,919,7.3
5.1,769,1.5
8.5,919,2.4
16.5,1196,4.3
10.0,979,2.3
8.3,911,1.6
27.1,1483,4.8
9.1,942,1.6
9.5,959,1.6
6.5,835,4.3
4.8,754,0.3
2.0,587,0.6
1.5,541,0.7
5.4,783,1.0
20.6,1313,3.4
8.5,919,0.7
7.0,855,1.8
4.1,715,1.8
9.8,971,2.1
12.4,1064,2.5
11.3,1025,2.9
7.2,866,2.3
10.5,995,2.2
15.9,1178,3.8
14.2,1124,2.1
8.5,919,4.5
8.5,919,0.7
6.4,832,1.2
6.2,822,1.0
2.7,635,1.0
2.6,626,0.8
27.2,1483,5.1
14.3,1126,2.6
18.0,1241,3.5
9.7,967,2.3
6.6,840,1.6
3.3,671,0.8
12.5,1066,3.2
8.4,917,1.9
4.3,728,1.1
8.5,919,2.4
4.3,725,1.1
3.3,673,1.3
13.4,1097,2.1
4.7,750,0.6
2.0,588,0.3
4.4,734,0.9
6.1,815,1.7
1.3,530,0.6
7.9,894,1.6
19.8,1290,4.6
9.5,958,1.5
2.4,616,0.4
7.4,873,2.3
19.9,1294,4.6
24.2,1410,5.0
15.3,1158,2.1
6.0,811,1.0
14.6,1136,2.1
8.5,919,2.7
10.8,1007,2.7
21.0,1324,2.6
17.5,1225,3.5
5.6,795,1.3
5.1,768,1.0
15.3,1157,3.0
7.9,897,1.8
8.5,919,9.1
10.0,978,2.3
13.2,1090,2.2
13.3,1094,2.5
3.4,677,0.8
14.8,1142,3.1
13.8,1111,2.8
14.0,1117,3.3
5.5,788,1.7
8.2,907,1.3
8.5,921,1.6
24.0,1405,4.5
18.2,1246,3.9
11.0,1014,2.4
2.9,646,0.9
20.4,1309,4.5
3.0,649,1.1
4.1,718,1.3
23.4,1387,4.2
6.2,820,1.9
4.3,725,0.7
5.1,767,0.3
49.5,1959,10.2
11.4,1029,2.4
6.8,848,1.2
10.2,985,1.9
3.7,692,1.2
0.6,458,0.3
14.3,1127,3.5
21.8,1345,3.5
22.4,1363,5.5
7.3,869,1.3
6.4,832,1.5
8.1,903,2.6
8.7,927,1.5
8.1,905,1.7
3.9,706,1.0
15.5,1164,4.2
8.0,899,2.0
4.4,730,0.7
7.2,866,1.1
27.8,1498,5.6
15.8,1173,3.2
2.7,636,1.0
2.1,593,0.7
8.5,919,1.4
11.8,1043,2.5
11.5,1033,2.3
8.5,919,1.7
11.9,1047,2.7
3.6,690,1.1
17.4,1221,3.3
7.6,882,1.4
12.9,1082,2.8
5.6,795,0.5
5.3,779,1.1
26.4,1463,4.3
25.7,1446,4.4
14.4,1131,3.0
2.5,618,1.1
23.7,1395,4.4
8.9,934,1.7
5.9,807,1.7
16.2,1187,4.4
8.7,928,2.3
25.4,1438,6.3
13.4,1096,2.6
2.0,584,0.5
24.3,1412,5.0
3.8,698,1.1
12.5,1068,3.0
7.3,871,1.2
5.4,783,1.3
12.2,1055,1.7
8.5,919,5.4
6.7,845,1.6
28.3,1510,6.5
6.1,816,1.3
11.8,1042,2.2
11.7,1041,2.1
7.5,878,1.2
17.3,1219,2.9
8.9,935,2.2
11.1,1020,2.8
8.5,919,2.3
4.2,724,0.7
17.6,1229,3.6
4.5,738,0.7
8.1,903,1.3
28.8,1522,4.4
7.4,875,1.6
5.7,797,2.0
3.6,686,1.4
7.1,862,1.2
8.1,905,2.5
5.8,805,1.1
8.5,919,3.3
1.7,558,0.4
9.5,958,1.7
5.9,807,2.5
11.6,1036,3.3
11.6,1037,2.4
10.2,984,1.7
13.4,1096,2.5
2.5,620,0.7
11.0,1015,2.5
6.6,838,1.5
12.7,1075,2.7
5.7,796,1.1
12.6,1069,2.3
3.6,688,0.9
12.4,1063,4.1
32.9,1617,5.8
35.8,1682,6.6
9.8,969,1.9
3.7,695,1.1
5.4,786,1.4
37.6,1720,6.9
11.6,1035,2.0
6.9,851,1.6
5.1,769,1.3
33.4,1628,5.9
25.2,1434,3.6
6.4,830,1.1
25.0,1430,4.4
2.5,616,0.8
0.7,473,0.3
1.8,571,0.6
5.0,763,1.4
9.6,962,1.5
8.5,919,2.3
13.0,1083,2.3
21.1,1327,3.1
14.8,1142,4.0
9.6,964,2.9
10.8,1008,4.1
11.2,1020,1.9
0.6,458,0.4
17.7,1231,4.1
9.7,966,2.2
20.9,1320,3.6
10.9,1011,1.9
2.4,614,1.0
7.8,893,1.9
1.0,502,0.4
3.4,679,1.2
3.5,681,0.6
3.1,661,1.1
9.0,940,1.9
12.2,1056,2.1
2.5,621,0.6
9.7,965,1.6
3.2,664,0.9
2.6,626,0.4
21.3,1331,4.3
25.7,1446,5.6
8.7,929,1.5
19.5,1283,2.7
8.5,919,4.9
16.7,1200,2.9
5.5,787,1.0
19.3,1277,3.8
4.1,714,1.5
13.5,1099,2.8
17.7,1231,3.3
6.7,842,1.5
18.0,1241,2.9
5.5,790,1.4
3.6,686,2.7
4.2,721,0.8
8.7,929,1.6
1.2,515,0.5
37.2,1712,8.7
22.9,1375,7.9
22.7,1371,5.9
5.1,766,1.4
1.7,561,0.8
5.8,802,1.7
4.4,735,0.9
5.6,793,1.9
7.9,895,1.6
20.0,1297,5.5
4.0,713,0.9
10.9,1009,2.0
20.9,1320,4.6
13.9,1113,2.8
8.2,906,1.5
4.7,747,0.7
8.2,907,2.5
2.5,619,0.7
4.6,744,1.1
3.0,654,0.5
16.0,1181,3.0
7.4,875,1.7
8.5,919,0.6
3.4,676,0.5
5.3,776,0.9
2.7,632,0.7
8.5,918,1.3
2.4,611,0.5
15.7,1171,2.8
8.5,919,2.2
12.1,1055,2.7
6.9,853,1.9
17.6,1228,2.8
9.7,966,2.1
6.5,835,0.6
8.3,912,2.1
16.0,1181,3.3
0.4,431,0.4
8.5,919,1.1
17.9,1238,4.0
6.7,845,1.0
3.8,699,0.9
15.9,1177,2.6
17.4,1222,3.3
4.2,724,0.7
11.4,1027,2.8
12.1,1055,2.5
12.8,1078,3.3
11.6,1037,2.9
14.4,1129,2.2
10.5,995,3.3
2.8,642,0.8
11.7,1039,2.7
13.8,1111,3.6
14.5,1131,3.3
17.4,1223,3.8
7.8,890,1.7
14.1,1119,2.7
28.0,1504,4.2
9.7,967,1.6
21.0,1325,3.8
4.0,708,0.8
23.1,1379,4.3
19.0,1268,3.2
6.5,833,1.2
8.5,919,0.7
12.2,1056,2.0
7.1,861,0.9
10.2,986,2.1
9.1,943,2.2
30.1,1552,4.5
16.3,1188,4.1
6.3,826,1.6
2.9,649,1.5
14.0,1117,2.6
10.4,994,2.0
2.4,611,1.1
4.8,751,1.3
5.1,771,1.2
8.0,899,2.1
3.0,651,0.9
7.8,892,2.6
12.1,1053,2.5
8.5,919,2.4
13.4,1097,2.9
12.3,1060,2.3
10.5,998,2.4
6.1,817,1.6
24.4,1414,7.5
6.2,822,1.3
3.5,684,0.1
8.6,923,2.2
2.2,601,0.7
13.8,1111,1.5
2.0,584,0.8
9.7,968,2.1
1.2,518,0.6
15.7,1171,3.2
8.5,919,5.4
24.5,1415,4.0
8.5,919,6.1
4.6,742,1.0
14.3,1127,2.5
10.9,1012,2.4
0.5,446,0.4
5.0,766,0.6
12.2,1057,2.2
8.5,919,2.0
7.9,893,1.6
6.2,823,1.5
13.0,1084,2.7
2.1,595,0.8
8.5,919,3.6
1.7,559,0.6
1.7,560,0.6
16.1,1183,3.6
9.0,941,2.1
19.4,1279,3.4
3.6,689,0.3
3.1,657,0.5
10.4,994,2.6
1.7,562,0.6
14.6,1137,2.2
4.5,736,1.0
4.3,728,1.3
21.3,1332,3.7
25.9,1451,5.5
16.2,1186,3.2
8.0,898,1.7
7.9,897,1.6
11.6,1037,1.8
2.5,622,0.2
5.7,800,1.4
4.1,716,0.9
12.3,1061,2.7
21.4,1334,4.5
5.1,771,1.0
10.5,996,2.8
2.3,604,0.6
8.5,919,3.8
2.6,629,0.7
5.6,794,1.9
12.4,1063,2.4
6.9,851,1.8
3.7,694,1.0
25.4,1439,5.4
3.8,700,1.1
9.2,947,1.5
13.4,1096,2.7
24.9,1428,4.2
11.9,1047,2.6
4.4,731,0.6
6.8,849,2.1
4.5,737,1.3
2.9,649,0.1
2.4,611,0.7
9.7,966,1.5
10.3,987,2.0
2.2,596,0.8
7.3,870,1.7
9.1,944,1.8
4.9,759,1.1
18.1,1244,4.5
2.6,627,0.4
8.5,919,3.4
8.1,905,1.6
10.9,1011,2.0
6.1,818,1.9
5.7,798,1.5
24.0,1403,5.0
8.5,919,1.6
6.6,837,1.6
14.2,1122,3.5
14.0,1118,2.3
7.0,859,1.0
6.8,849,1.3
2.6,626,0.4
7.0,858,2.1
1.1,512,0.5
27.8,1499,4.9
7.8,890,1.8
23.3,1385,4.9
4.2,721,0.9
10.8,1009,1.7
34.9,1663,6.5
15.6,1167,0.8
11.6,1037,2.9
6.1,816,1.3
8.1,902,2.3
16.1,1184,3.0
13.2,1091,0.5
10.7,1002,2.8
0.9,490,0.3
14.9,1145,3.3
9.2,948,1.5
3.9,703,0.3
5.8,802,0.5
15.9,1178,3.4
6.3,827,1.7
4.5,738,1.0
22.3,1359,4.4
4.1,716,1.1
14.2,1124,2.8
14.8,1143,2.8
19.4,1279,3.8
9.2,945,2.5
4.0,709,1.0
20.3,1305,5.1
8.5,921,2.0
8.3,910,1.4
16.3,1188,3.2
1.1,508,0.5
9.0,940,1.7
8.7,926,1.9
2.0,582,1.0
27.1,1482,5.1
7.0,856,1.6
3.5,680,0.5
9.1,943,2.3
16.7,1202,3.0
3.5,680,1.1
9.4,953,2.6
4.3,729,1.1
2.9,647,0.9
17.5,1224,3.5
5.8,801,0.8
9.6,961,1.6
8.4,914,2.0
5.1,769,1.4
22.5,1364,3.8
14.1,1121,2.7
2.5,618,0.4
8.5,919,1.9
6.2,819,1.5
4.0,713,0.9
12.4,1063,2.1
4.2,721,1.1
1.8,566,0.4
9.8,972,1.6
6.9,852,1.6
1.2,516,0.4
0.9,494,0.5
3.6,689,0.6
4.1,718,1.1
13.7,1106,2.5
10.3,988,1.9
3.7,692,0.6
2.2,597,0.8
19.4,1280,3.4
15.7,1171,2.5
2.0,584,0.7
8.7,927,1.7
17.7,1231,3.6
11.3,1024,1.8
15.1,1152,2.2
11.2,1023,3.3
12.8,1076,3.4
9.1,945,1.7
6.0,813,1.5
1.3,528,0.3
13.9,1114,2.7
14.6,1136,3.6
2.9,645,0.1
3.9,704,0.9
3.2,667,1.0
2.8,640,0.9
0.9,493,0.6
3.1,661,0.7
27.8,1499,4.7
8.5,919,1.1
4.6,744,0.7
7.4,873,1.7
9.6,962,2.6
18.4,1251,4.9
6.0,810,1.7
13.5,1101,2.9
2.4,613,1.0
14.0,1117,3.1
6.7,842,1.8
2.0,585,1.0
3.6,688,1.4
21.8,1345,4.1
5.2,772,3.0
15.5,1164,3.1
13.7,1107,2.5
9.6,964,1.2
6.9,854,1.7
2.7,631,0.7
10.0,977,2.1
4.1,714,1.8
17.9,1235,4.6
0.5,437,0.3
1.2,517,0.5
34.0,1641,5.5
24.2,1408,4.4
3.2,666,0.5
2.8,641,1.0
7.9,897,1.4
24.1,1406,5.0
5.0,762,0.8
4.2,722,1.0
3.5,685,1.0
22.0,1351,3.6
18.6,1257,3.4
9.4,956,1.6
38.1,1731,4.9
17.6,1229,2.9
10.3,990,1.9
8.5,919,1.0
5.1,769,1.4
2.8,641,0.3
11.7,1039,2.1
7.5,880,1.5
10.8,1006,2.8
27.9,1501,8.6
28.3,1511,4.1
10.9,1009,2.8
13.4,1098,3.0
9.1,944,1.6
14.8,1142,2.2
7.9,896,2.2
9.0,939,1.4
18.0,1240,3.7
7.4,875,1.4
24.0,1404,6.1
5.2,776,1.6
16.9,1206,2.9
13.3,1094,2.2
8.5,920,1.7
8.9,937,1.8
19.0,1267,3.8
5.2,774,0.5
5.1,768,0.9
7.4,873,2.0
5.4,785,1.6
8.5,919,0.6
2.3,606,0.3
5.5,786,1.4
18.0,1239,4.0
16.6,1197,2.3
1.0,503,0.4
2.3,605,1.0
25.8,1450,4.7
1.8,569,0.7
2.4,616,0.6
50.6,1980,11.9
11.3,1026,3.0
3.3,669,0.9
13.3,1094,2.6
11.0,1013,4.3
3.4,674,0.9
21.5,1339,4.0
18.8,1262,3.5
5.0,761,1.3
21.1,1327,3.4
3.4,675,1.2
2.8,639,1.2
2.3,607,0.7
2.8,642,0.8
8.5,919,2.7
8.1,905,2.1
3.1,661,0.6
6.3,824,1.2
16.4,1191,1.4
18.6,1258,3.7
10.2,987,1.6
6.2,821,1.5
2.5,617,0.9
24.3,1410,5.2
0.9,490,0.5
16.7,1202,2.8
2.8,641,0.8
7.6,881,2.7
5.4,781,1.0
11.4,1029,2.2
3.6,688,1.0
16.6,1199,3.3
13.5,1100,3.1
15.1,1153,2.7
12.8,1078,2.1
1.7,563,0.7
6.2,819,0.6
5.3,778,1.0
0.2,390,0.2
9.1,945,1.7
12.1,1052,2.0
13.5,1100,2.9
1.9,574,0.8
6.0,812,1.4
8.8,933,2.8
4.4,730,1.4
2.8,640,1.2
3.7,693,1.4
2.1,591,0.3
25.5,1443,4.5
4.5,737,0.7
17.4,1223,2.8
16.7,1200,2.9
3.4,675,1.0
5.8,801,0.9
19.9,1294,3.7
27.5,1490,5.7
17.6,1228,4.0
23.3,1386,5.9
0.4,435,0.4
16.0,1181,3.0
2.7,633,0.8
2.2,595,0.5
8.1,903,1.8
8.5,919,1.9
15.3,1159,3.2
11.1,1017,1.8
9.8,970,1.4
25.5,1443,4.5
28.2,1509,4.8
7.3,871,1.6
8.0,900,1.3
2.5,623,0.6
6.3,827,1.3
24.3,1412,3.6
6.6,837,1.5
38.3,1735,6.3
6.7,843,1.6
11.9,1047,2.6
5.8,804,1.7
28.5,1515,4.9
33.9,1639,2.5
6.8,850,1.5
8.5,919,0.7
8.9,937,2.3
8.6,925,1.9
6.0,811,1.4
6.5,836,1.2
2.9,645,1.0
8.8,931,2.1
17.0,1210,2.3
5.0,761,1.3
29.0,1528,6.0
3.3,672,1.0
17.9,1237,3.4
1.5,545,0.7
4.3,726,1.4
13.0,1084,3.2
15.9,1176,3.4
5.3,778,1.4
2.5,622,0.7
8.6,923,1.4
2.6,626,0.1
1.3,531,0.9
9.2,948,2.0
30.3,1558,5.8
35.9,1685,7.8
3.0,654,0.8
6.8,846,1.5
6.0,814,1.1
10.3,988,2.2
2.9,645,0.5
2.7,633,0.9
8.5,919,2.2
14.5,1132,4.6
27.9,1500,4.1
19.4,1279,3.7
4.6,741,0.9
2.5,618,0.3
7.1,859,1.8
2.7,633,1.0
30.7,1568,6.1
7.5,880,1.1
8.4,915,1.7
7.3,871,1.3
26.6,1469,5.1
12.2,1058,2.4
6.4,832,1.3
6.0,812,1.5
6.4,831,0.9
16.1,1181,3.0
5.1,769,1.2
6.3,825,1.2
4.8,751,0.7
3.8,699,0.6
1.8,568,0.7
8.5,919,2.2
17.0,1209,3.1
5.3,778,0.8
5.5,788,1.0
7.3,871,1.8
8.6,924,2.1
2.9,648,0.4
7.6,883,1.8
1.7,564,0.4
8.5,919,2.0
15.5,1164,3.6
8.5,919,2.3
5.6,792,1.1
0.3,407,0.2
8.5,919,1.0
2.4,610,0.7
5.0,761,1.1
4.0,713,0.5
10.7,1005,2.4
32.9,1617,5.4
8.5,919,3.1
6.8,847,1.2
14.8,1143,3.1
9.1,945,1.4
14.8,1141,1.7
13.2,1090,3.4
3.1,659,1.0
17.7,1231,3.4
10.5,996,2.0
8.5,919,0.9
13.4,1097,2.5
23.6,1393,4.7
4.3,726,0.8
5.8,805,1.5
19.7,1288,3.7
16.9,1208,3.1
3.8,699,0.6
3.2,666,0.9
5.5,786,1.5
3.6,690,0.8
2.5,620,0.7
3.8,701,1.2
43.7,1846,8.0
28.7,1520,5.4
24.2,1409,4.3
16.3,1190,3.8
2.8,640,1.1
8.9,937,2.1
34.1,1643,6.3
10.1,981,3.2
14.2,1122,2.6
33.9,1641,6.5
12.6,1070,2.5
8.5,919,1.8
7.1,860,1.2
23.9,1401,5.3
1.8,568,0.8
3.1,659,1.2
9.7,967,1.6
20.8,1319,5.2
8.5,920,3.8
6.6,838,1.7
17.4,1221,4.0
9.6,964,1.9
9.6,961,2.5
13.8,1111,2.5
2.4,615,0.5
4.1,715,0.8
8.5,919,0.9
9.9,974,1.5
6.1,817,1.3
1.3,526,0.6
25.8,1449,4.6
14.5,1131,2.6
17.1,1213,3.4
18.5,1253,4.6
8.5,919,2.2
3.3,670,1.4
23.6,1393,3.9
3.1,660,1.5
15.8,1173,2.9
8.5,921,1.9
3.4,675,0.9
18.0,1239,4.1
3.0,652,1.2
3.5,685,0.9
4.5,735,2.9
12.4,1064,1.9
2.8,637,1.1
10.7,1003,2.2
7.5,878,1.3
27.3,1486,4.1
9.6,963,1.5
5.7,800,1.4
9.7,965,2.2
25.3,1438,4.4
9.8,970,2.1
15.0,1149,2.4
2.7,633,1.0
9.8,971,1.9
7.3,868,1.4
3.6,686,0.6
7.3,869,1.6
5.5,788,0.4
5.5,789,1.9
1.5,543,0.3
15.8,1174,2.8
6.3,825,1.3
2.4,615,0.5
2.0,581,0.4
7.5,877,2.0
14.1,1120,2.5
7.5,876,2.1
5.8,803,1.1
7.7,885,1.4
1.7,561,0.6
11.8,1043,2.8
7.5,878,2.4
33.0,1619,5.8
20.9,1323,4.8
4.5,736,1.4
6.7,843,2.1
8.8,932,1.1
7.5,879,1.9
10.7,1005,2.2
4.9,760,1.0
20.2,1303,4.5
5.1,771,2.2
3.1,655,0.8
9.8,970,2.0
5.4,784,1.2
10.4,992,1.9
14.2,1124,4.0
7.4,873,1.9
9.3,950,2.4
35.9,1684,6.8
1.6,551,0.5
7.6,883,2.2
5.5,787,0.9
2.5,623,1.2
12.3,1060,2.5
19.0,1269,4.5
15.9,1178,1.9
13.5,1100,1.6
13.5,1100,2.4
10.8,1009,2.0
8.5,919,3.7
5.7,798,1.1
9.7,966,2.0
9.6,962,2.5
12.2,1058,2.3
11.2,1023,2.2
9.9,973,2.4
21.6,1340,3.8
6.2,822,1.6
8.6,922,2.7
8.5,919,2.9
20.0,1296,2.3
19.9,1295,4.2
3.8,702,0.9
15.3,1157,3.1
8.1,904,0.1
5.2,776,1.4
6.4,831,1.6
4.1,715,1.0
8.0,901,1.6
8.0,900,2.6
11.0,1016,1.9
15.7,1171,2.5
26.4,1465,4.9
13.3,1095,2.3
13.4,1096,3.1
6.3,826,1.6
12.4,1065,1.5
9.2,947,2.3
22.4,1361,3.3
12.6,1072,2.7
6.5,833,1.2
11.1,1019,1.7
4.9,761,0.9
11.7,1040,3.1
5.9,806,1.4
40.2,1776,4.0
9.4,955,1.8
3.1,660,2.5
19.7,1288,4.0
5.3,780,1.4
9.1,942,1.9
2.2,596,0.3
2.4,615,0.8
8.5,919,3.2
10.3,989,2.1
19.5,1283,3.6
16.9,1206,3.3
2.8,638,0.5
8.5,919,2.7
12.5,1067,2.2
25.4,1439,4.0
4.3,727,1.3
2.4,611,0.7
30.3,1559,5.6
2.4,610,0.6
8.5,919,3.3
17.1,1212,3.5
8.0,898,1.9
9.9,975,2.3
26.3,1461,5.1
14.2,1124,2.4
19.1,1270,3.2
1.2,522,0.5
21.4,1336,3.0
27.4,1488,6.9
2.8,638,0.3
13.0,1083,2.6
8.2,906,1.0
14.5,1134,2.6
10.6,999,2.0
16.8,1204,3.8
7.9,894,1.1
4.8,752,0.7
14.6,1136,4.5
10.1,983,2.0
8.9,937,2.0
2.3,606,0.6
17.3,1219,3.2
8.4,914,1.5
22.6,1368,4.6
7.2,868,1.2
21.0,1325,4.4
5.0,765,1.6
2.9,645,0.4
9.5,960,4.2
21.5,1338,4.3
26.2,1460,4.8
2.0,583,0.5
16.5,1196,3.9
9.3,950,1.8
15.7,1170,3.4
9.2,946,2.0
2.2,597,0.7
5.2,772,1.0
15.1,1153,3.5
5.1,769,1.1
29.8,1546,5.3
39.2,1754,8.0
3.1,657,1.7
1.8,567,0.7
5.4,784,1.0
7.6,881,1.6
5.7,800,1.5
9.4,956,1.4
27.9,1501,4.1
8.5,919,0.8
10.8,1008,1.7
11.6,1037,2.4
19.9,1294,3.4
24.5,1416,4.7
5.6,792,0.9
0.6,455,0.4
18.8,1263,3.5
9.2,948,1.6
4.1,715,0.7
25.6,1443,4.6
7.3,871,1.7
19.8,1290,4.1
4.0,712,1.1
9.4,954,2.2
20.6,1312,4.7
17.2,1216,4.3
10.4,992,1.8
12.9,1079,2.4
5.0,764,1.0
4.4,733,1.7
8.5,919,1.3
26.2,1458,5.1
0.7,462,0.4
2.6,630,0.7
18.4,1252,3.7
17.9,1238,3.6
7.8,893,1.8
21.5,1337,6.8
24.2,1408,5.9
19.4,1281,3.6
25.1,1432,5.4
14.1,1121,2.8
8.5,919,2.4
8.5,919,0.8
16.4,1191,3.4
9.2,948,2.0
14.2,1122,2.6
3.1,659,0.7
5.1,769,1.0
8.5,919,0.8
6.1,819,1.4
10.9,1012,2.6
12.8,1078,2.1
6.3,825,1.3
3.7,691,0.9
16.1,1183,2.4
21.1,1328,3.8
4.2,721,0.7
16.7,1201,3.4
19.1,1271,3.9
13.0,1084,2.7
9.8,971,1.5
8.5,919,1.8
2.4,613,0.6
27.0,1478,4.9
3.4,677,1.2
8.5,919,3.1
10.8,1006,3.5
20.0,1298,3.7
13.4,1099,3.1
4.8,755,1.3
9.9,976,1.9
18.6,1257,3.1
11.2,1022,1.9
5.5,790,1.2
2.5,617,1.2
6.5,833,1.5
0.9,486,0.5
35.9,1683,6.5
3.8,701,0.8
9.3,952,2.3
18.5,1253,3.1
18.7,1259,3.7
17.7,1230,4.7
2.3,605,0.4
5.4,782,1.2
6.8,850,1.4
2.3,608,0.7
15.1,1151,2.5
5.9,807,1.9
2.7,632,1.0
12.5,1066,2.2
4.1,718,0.5
7.5,880,1.6
11.5,1032,2.1
5.7,798,1.2
11.6,1035,2.0
15.1,1150,2.6
3.8,700,1.2
6.3,827,1.7
7.0,856,0.7
6.8,850,1.4
4.4,734,1.6
5.3,780,1.1
19.4,1280,3.2
2.6,629,1.0
4.6,743,1.1
3.9,704,0.7
14.2,1123,2.5
17.2,1216,4.6
6.3,825,1.4
5.6,793,1.5
9.4,954,2.0
5.6,794,1.9
0.5,446,0.5
9.5,960,2.3
4.1,715,0.7
11.3,1025,2.2
5.5,787,1.5
3.8,701,0.9
4.6,746,0.9
8.5,921,1.3
28.4,1512,5.7
4.5,738,1.6
3.6,690,1.2
5.0,764,1.0
6.1,814,1.3
3.9,703,0.6
6.8,850,0.4
7.2,865,1.7
11.9,1047,2.8
3.4,674,1.2
2.9,646,0.9
2.2,600,0.8
7.8,891,1.6
1.5,548,0.4
22.9,1376,4.4
7.2,866,1.3
3.8,701,1.4
12.9,1079,2.5
15.4,1161,2.4
4.8,752,1.2
10.3,989,2.2
12.6,1069,2.1
12.2,1055,2.3
11.1,1018,1.8
17.8,1234,4.6
1.6,552,0.7
16.2,1187,2.4
19.8,1290,3.7
4.0,711,2.6
15.5,1165,3.3
5.2,776,1.3
4.5,738,0.2
15.9,1178,2.9
6.9,853,1.3
17.4,1222,3.2
3.5,683,2.4
9.9,973,1.5
27.2,1483,4.4
5.7,799,1.2
11.4,1028,2.4
6.6,839,1.7
10.0,979,2.1
8.2,906,1.8
11.7,1039,2.1
9.9,973,1.4
18.5,1254,4.7
8.6,924,2.0
13.2,1089,3.6
2.8,637,0.6
22.1,1354,3.6
14.8,1142,2.7
17.2,1216,3.3
10.1,983,2.0
4.7,749,1.1
7.4,873,1.6
14.3,1127,3.2
5.2,773,1.7
12.8,1077,2.6
13.6,1104,2.3
12.5,1066,1.5
3.7,696,1.1
0.6,457,0.5
8.8,933,2.4
6.4,831,1.7
10.4,993,1.9
6.6,839,0.9
4.6,743,1.0
9.9,975,2.0
13.6,1105,2.3
17.5,1224,3.8
15.1,1151,4.0
4.5,737,2.5
13.3,1094,2.9
15.9,1176,3.0
11.6,1035,2.7
6.7,842,1.0
18.0,1239,3.2
23.3,1384,4.7
8.0,901,1.6
8.1,902,1.7
2.7,634,0.6
13.2,1091,2.3
15.9,1178,3.1
11.4,1028,2.6
2.7,630,0.9
2.3,605,0.2
7.3,869,1.9
2.5,619,0.7
13.4,1097,2.6
5.1,767,0.7
16.1,1184,2.9
3.4,678,0.3
11.7,1038,1.8
22.0,1351,4.6
10.6,999,1.6
7.8,891,1.2
14.5,1131,2.7
6.1,818,1.3
12.1,1052,1.5
2.4,614,0.6
13.3,1094,3.0
4.1,719,0.6
14.0,1116,2.3
31.7,1590,8.3
6.8,850,2.1
1.4,536,0.8
2.2,600,0.5
22.0,1352,3.6
2.5,620,0.6
5.2,774,1.0
8.2,908,2.0
6.1,816,1.5
6.8,849,2.2
15.2,1154,3.0
3.4,676,0.8
6.3,828,1.1
5.4,782,1.4
7.8,890,1.7
2.0,587,0.7
14.3,1127,3.2
7.6,881,1.5
19.9,1295,3.6
12.5,1066,2.8
12.6,1071,2.8
13.3,1093,3.1
12.5,1066,2.5
14.8,1143,4.3
10.1,981,1.6
6.2,821,0.6
18.1,1243,3.3
11.4,1027,2.1
1.3,525,0.5
0.8,480,0.7
9.2,947,1.9
14.8,1143,3.0
16.9,1208,2.2
3.5,684,1.0
1.4,535,0.5
8.5,919,1.7
15.6,1168,2.8
9.1,943,1.9
19.2,1275,4.4
4.4,731,1.1
8.0,899,1.4
3.4,677,0.5
5.4,783,1.6
6.5,835,1.0
14.1,1120,2.2
4.3,729,0.8
10.1,982,2.2
8.4,917,2.4
19.7,1289,4.3
2.6,626,0.8
17.4,1222,3.4
5.7,796,1.9
5.5,790,1.2
7.6,882,2.1
18.8,1263,4.5
3.9,705,0.8
7.0,858,1.6
9.7,968,2.3
6.4,832,1.7
14.0,1118,2.6
13.7,1108,3.2
8.5,919,2.6
10.1,981,1.7
13.4,1096,2.8
18.5,1255,3.8
19.1,1271,3.5
2.0,587,0.7
8.5,919,1.6
50.8,1983,9.9
15.4,1160,3.1
10.6,1000,2.3
4.5,736,1.3
10.1,983,1.8
1.6,554,1.1
14.8,1142,5.0
5.6,791,0.7
10.4,994,1.6
5.1,767,0.8
7.8,890,2.2
14.5,1132,3.5
3.3,670,0.7
9.2,946,1.7
1.3,529,0.4
1.8,567,0.7
7.5,879,1.5
18.5,1255,4.2
17.8,1233,4.0
9.1,945,2.0
19.6,1286,3.4
14.5,1132,2.5
10.4,994,1.8
1.1,511,0.7
9.8,969,2.3
10.3,990,2.5
24.0,1404,5.0
8.5,919,1.0
13.9,1113,2.9
3.5,681,0.9
1.7,561,0.7
1.1,509,0.5
10.4,991,2.8
9.4,954,1.8
6.0,810,2.2
7.2,865,1.1
9.7,965,1.5
11.0,1016,2.0
33.2,1624,7.3
13.5,1101,2.6
2.9,649,1.1
19.6,1286,2.8
19.3,1277,3.3
4.0,709,1.1
5.0,766,1.5
34.0,1643,6.3
8.4,914,1.9
10.1,980,1.8
7.2,866,1.2
2.4,616,0.6
10.4,994,2.7
8.0,897,1.9
0.8,474,0.5
36.2,1690,7.2
6.7,844,1.3
15.4,1162,2.7
2.0,585,0.9
16.9,1206,3.3
11.7,1039,1.9
8.5,919,0.9
2.3,607,0.4
18.4,1251,3.4
13.2,1090,3.2
32.4,1605,6.7
7.4,872,2.5
12.9,1082,2.6
15.1,1152,2.8
6.4,831,1.1
8.5,919,1.8
14.5,1134,3.0
8.6,924,1.6
10.9,1012,2.6
7.5,879,1.5
15.7,1170,2.4
6.7,844,1.2
1.9,574,0.6
5.5,786,1.3
5.8,805,1.1
8.7,928,2.3
4.8,751,0.5
3.1,658,1.0
6.7,843,2.1
4.3,726,1.5
7.7,887,1.0
25.0,1430,4.5
10.2,984,2.1
3.5,682,1.1
5.4,783,1.4
26.5,1466,5.6
1.1,505,0.6
10.2,985,3.2
14.6,1136,3.0
2.0,582,0.7
4.0,710,0.9
4.3,727,1.6
11.2,1023,2.7
2.1,590,0.9
2.4,613,0.8
1.2,518,0.6
1.9,580,0.8
8.3,910,1.8
3.8,698,0.6
5.1,768,1.2
2.9,644,0.6
14.9,1145,3.8
6.2,821,2.5
5.3,779,1.8
9.9,975,1.6
8.0,898,2.0
10.6,1000,1.4
12.1,1053,3.0
4.5,739,0.9
7.6,883,1.8
27.9,1501,4.8
10.6,1000,2.3
22.4,1362,4.8
7.5,880,1.1
16.8,1203,4.1
3.9,704,0.4
7.5,877,2.1
17.8,1233,3.2
16.5,1194,3.3
7.1,861,3.6
5.1,771,0.8
25.5,1441,3.8
11.9,1047,2.1
8.9,937,1.3
5.9,806,1.4
3.9,703,0.7
3.6,687,1.1
2.1,591,0.6
2.9,644,0.8
5.7,798,1.5
8.5,919,0.9
10.7,1004,1.9
2.9,648,0.9
8.8,930,2.7
23.4,1388,3.6
28.3,1511,6.3
6.1,815,1.7
4.7,747,0.7
13.7,1107,2.2
2.7,633,0.8
5.0,765,1.1
1.6,551,0.8
6.2,822,0.8
10.1,980,2.3
13.4,1097,2.5
10.7,1004,2.2
12.1,1053,2.1
3.3,672,1.0
10.3,991,2.1
3.7,694,1.0
6.7,843,1.6
9.6,962,1.3
3.0,651,0.8
2.8,639,0.4
7.9,894,1.8
5.2,772,2.3
13.6,1104,2.6
3.5,681,0.5
20.9,1322,3.2
8.3,912,1.9
10.0,976,2.2
5.4,785,0.9
0.3,409,0.3
6.3,826,1.2
6.7,844,1.9
14.0,1117,3.1
14.2,1122,2.7
5.8,804,0.9
19.4,1279,3.9
11.0,1015,2.1
12.5,1066,2.8
1.1,509,0.4
6.9,854,2.9
5.0,764,0.7
11.8,1043,3.0
7.5,880,1.1
7.6,881,1.0
7.1,861,1.9
9.4,957,2.0
8.5,919,3.1
14.9,1144,3.5
2.1,591,0.8
8.5,919,0.7
7.4,872,1.8
7.6,882,2.3
9.1,945,1.6
4.4,732,0.8
17.2,1217,2.9
4.3,725,1.3
14.3,1125,1.4
3.4,675,0.3
14.5,1132,3.8
29.8,1547,8.3
18.7,1261,3.3
20.3,1305,3.4
14.6,1136,2.8
22.0,1350,4.4
2.7,634,1.0
3.2,667,0.9
3.7,693,0.7
7.3,871,1.8
3.6,685,1.3
9.6,963,2.5
5.2,772,1.2
10.6,998,2.3
10.6,1000,2.6
13.8,1109,2.2
6.5,836,1.8
11.5,1031,2.9
18.4,1252,3.2
25.2,1434,4.6
23.8,1398,4.0
15.5,1166,2.2
9.0,940,2.5
3.0,655,0.9
26.9,1477,5.5
10.1,980,2.3
8.2,906,2.4
19.4,1280,4.3
27.5,1491,4.6
8.6,925,1.9
4.6,745,0.5
5.3,777,2.2
4.8,752,1.2
12.6,1070,2.8
1.3,527,0.4
6.1,816,0.8
5.3,780,0.4
7.7,888,1.9
9.0,938,1.7
15.0,1148,3.0
19.4,1280,4.0
2.8,638,0.7
1.2,522,0.2
14.1,1121,2.8
14.4,1130,2.9
8.8,931,1.7
7.0,857,1.6
14.6,1136,4.8
11.2,1022,2.7
8.5,919,1.0
35.1,1667,6.7
6.3,824,1.6
1.4,537,0.5
10.1,980,2.2
0.8,477,0.3
10.5,997,1.8
10.6,1000,1.5
12.9,1080,4.3
2.4,616,0.1
8.8,932,2.0
7.7,886,1.2
18.4,1250,3.1
15.1,1153,2.1
7.9,893,1.4
7.4,875,1.9
14.0,1118,3.5
2.5,618,0.7
18.8,1262,4.3
15.6,1166,3.2
5.0,766,2.9
7.5,880,1.6
12.4,1064,2.2
8.5,919,7.4
9.5,959,2.0
4.1,718,0.8
13.0,1083,3.9
10.7,1004,2.0
22.1,1353,3.7
5.8,804,0.7
6.8,850,1.5
13.1,1086,2.6
10.3,988,2.0
11.7,1038,2.1
0.7,464,0.6
3.3,668,0.8
14.4,1130,2.6
4.8,753,0.8
11.6,1037,1.3
11.5,1032,3.0
19.7,1287,3.1
5.2,771,1.4
1.3,526,0.6
8.3,912,2.3
6.4,831,1.1
8.6,924,1.7
2.2,599,0.4
11.2,1023,3.3
8.5,919,3.6
4.1,717,0.9
6.7,842,1.6
8.5,918,1.6
2.4,609,0.4
8.4,914,1.7
15.6,1168,3.1
2.7,630,0.4
11.9,1046,2.3
6.6,838,1.3
10.4,992,1.3
4.5,740,1.1
13.6,1105,2.6
14.8,1143,3.4
3.0,651,1.0
3.8,701,1.4
3.2,663,1.0
11.7,1039,2.7
14.1,1118,2.2
5.3,777,1.2
15.0,1148,3.4
22.9,1374,4.3
12.3,1061,2.4
15.3,1159,3.3
23.3,1384,5.1
10.1,982,1.7
20.9,1323,4.2
7.0,858,1.3
9.4,956,3.1
4.9,759,1.3
3.4,677,0.6
11.5,1031,1.9
2.5,622,0.1
7.5,880,1.9
8.5,919,3.5
9.9,972,2.0
6.8,850,1.8
16.4,1191,3.3
6.6,839,1.6
3.4,674,0.6
3.0,653,1.2
6.5,836,1.9
1.4,534,0.5
5.1,767,0.8
2.4,616,0.6
4.4,732,0.5
17.1,1214,3.0
18.0,1239,2.3
7.6,884,1.7
6.6,838,1.6
13.4,1097,2.0
7.6,884,1.0
11.2,1023,1.8
2.6,624,0.3
3.2,665,1.0
8.2,907,2.3
6.3,826,1.1
6.0,810,0.9
10.5,996,2.3
7.1,862,0.9
17.6,1227,3.6
3.7,697,0.7
15.6,1168,2.8
1.0,503,0.6
7.2,866,2.1
14.2,1124,3.4
6.0,814,0.5
8.8,930,1.3
6.9,853,2.1
11.7,1041,2.1
20.7,1316,3.2
6.8,846,1.2
7.6,881,1.8
15.0,1148,2.1
12.9,1080,2.2
18.8,1263,6.5
11.5,1031,2.3
19.8,1291,4.0
3.1,661,1.2
1.4,540,0.8
12.1,1054,3.3
2.0,581,0.4
7.7,887,1.8
13.4,1098,2.7
10.0,978,2.4
6.2,823,1.6
11.6,1035,2.3
11.2,1020,2.9
7.1,860,1.3
7.0,858,1.4
3.5,680,1.1
4.3,726,1.6
1.6,551,0.5
6.6,837,0.9
10.1,983,2.2
3.1,659,0.3
4.9,758,1.0
27.7,1496,3.9
6.2,820,1.6
8.6,924,1.9
26.4,1465,4.5
2.7,634,0.2
10.5,997,2.9
2.7,636,0.8
5.0,764,1.7
29.8,1547,5.0
9.2,946,2.0
1.8,569,0.6
2.8,641,0.5
9.3,950,2.0
15.6,1167,3.0
9.8,970,2.5
7.4,876,1.6
3.6,686,1.0
19.6,1285,5.6
12.8,1078,2.5
1.4,535,0.4
17.4,1223,3.6
4.6,746,2.0
10.3,989,1.8
19.3,1278,4.0
7.0,856,1.4
3.7,691,1.2
11.9,1045,2.0
14.7,1140,3.4
8.5,919,3.7
19.1,1273,3.5
16.5,1194,2.4
15.3,1158,3.2
4.0,709,1.0
10.1,981,2.6
8.3,913,1.7
25.1,1432,4.9
30.9,1573,5.3
10.5,995,2.1
4.5,740,1.0
1.0,497,0.6
20.3,1305,4.3
17.1,1214,2.4
8.5,919,1.2
3.0,652,0.4
20.2,1301,3.8
4.3,727,1.1
13.0,1083,2.6
9.7,965,2.8
3.5,685,1.3
3.9,708,1.6
7.3,868,1.4
7.1,863,2.0
7.5,880,1.6
7.4,873,1.9
8.5,919,2.5
1.6,556,0.6
14.4,1130,2.5
12.4,1063,2.7
5.1,770,1.4
8.7,928,1.5
3.8,699,1.1
1.7,563,0.5
24.5,1418,4.2
17.7,1229,4.1
4.9,757,0.7
2.4,613,1.0
18.3,1249,3.8
13.7,1106,2.7
17.5,1226,3.4
10.3,989,2.2
6.1,817,1.6
19.3,1278,3.8
10.8,1008,1.7
4.3,728,1.0
12.5,1068,2.1
4.4,734,1.5
6.5,834,1.5
26.8,1474,5.7
12.6,1071,2.0
7.3,871,1.2
2.4,609,0.3
14.0,1116,3.1
23.4,1387,5.1
8.8,931,1.9
5.1,770,1.3
0.5,443,0.4
9.1,945,2.5
8.6,924,2.4
28.9,1524,4.8
5.3,776,1.3
15.5,1164,3.0
8.2,906,2.1
14.1,1121,2.3
1.6,554,0.5
4.6,744,1.5
2.6,626,0.5
7.3,870,1.2
9.0,938,2.3
3.3,673,1.0
35.9,1684,6.2
10.2,984,2.4
17.6,1227,3.1
11.3,1024,2.0
7.0,857,1.5
10.2,985,2.3
18.0,1239,3.1
1.4,535,0.6
14.1,1120,2.5
3.7,691,1.2
13.3,1093,2.3
11.4,1030,2.5
3.5,680,1.4
5.4,783,1.4
17.2,1215,3.8
8.5,919,6.3
18.7,1258,4.1
11.1,1016,1.9
3.9,708,0.6
5.1,767,1.2
7.7,887,1.8
2.3,606,0.8
26.7,1473,5.2
6.7,843,0.4
1.3,524,0.7
12.9,1079,3.0
17.4,1221,4.2
5.9,808,1.3
10.8,1006,2.3
6.3,826,1.1
6.6,837,1.9
7.7,885,1.9
8.5,922,1.5
5.5,787,0.9
3.0,653,1.1
8.4,918,1.8
18.8,1264,3.7
37.1,1709,6.7
16.7,1200,3.8
28.0,1502,5.2
12.4,1063,2.7
5.4,781,1.4
3.7,692,0.2
11.3,1026,1.8
3.1,656,0.9
4.3,725,0.5
28.0,1503,4.4
18.3,1247,3.4
2.5,618,1.1
8.7,928,2.4
27.2,1485,5.7
3.4,679,1.1
4.3,728,1.2
8.2,909,2.1
3.7,694,1.4
7.4,875,1.3
5.1,767,1.0
8.9,935,1.4
20.2,1303,3.3
11.4,1030,3.1
10.2,985,1.9
7.5,878,1.9
7.7,885,2.4
3.0,655,0.9
0.8,479,0.5
13.0,1085,1.9
2.8,637,0.1
3.6,685,0.7
19.6,1286,4.4
13.0,1082,2.3
17.5,1225,3.8
13.9,1114,2.2
5.7,797,1.1
2.0,588,0.7
10.9,1011,2.5
6.9,853,1.6
13.8,1112,2.5
21.9,1348,4.6
30.6,1566,5.2
17.1,1214,2.8
12.0,1051,2.0
10.5,996,2.0
3.1,659,0.7
6.3,828,2.8
6.3,827,1.7
5.2,772,1.3
5.7,800,1.1
2.1,594,0.8
12.2,1058,1.9
32.3,1603,5.8
19.8,1292,4.5
6.4,829,1.0
18.9,1267,3.7
9.6,964,1.7
3.7,694,1.1
3.6,689,0.4
5.7,796,1.8
8.5,919,1.2
11.0,1014,1.7
4.6,744,1.4
2.0,583,0.7
2.5,623,1.1
12.2,1057,2.3
17.6,1228,3.4
8.4,914,2.1
7.4,875,1.6
5.2,774,1.0
14.6,1136,2.6
16.8,1203,3.4
3.8,697,0.9
7.8,891,2.2
4.6,742,1.0
5.8,805,2.0
8.5,919,3.0
3.9,703,0.7
8.5,919,4.3
8.4,917,1.5
12.1,1054,2.4
16.8,1204,2.4
8.5,919,1.4
11.0,1014,1.9
3.5,681,1.4
6.2,823,1.6
21.6,1341,4.2
9.3,952,2.4
0.9,488,0.5
8.0,901,1.3
2.2,599,1.3
2.0,583,0.5
14.7,1138,3.1
5.5,788,1.3
3.5,683,0.2
4.3,730,1.5
3.1,660,0.1
5.6,791,1.3
24.5,1416,3.5
5.7,797,1.1
0.2,402,0.3
5.9,809,0.9
5.0,761,1.4
8.5,919,2.3
3.5,683,0.7
3.6,688,0.8
6.5,833,1.2
5.4,782,1.2
8.7,928,2.0
18.2,1246,1.7
8.1,902,2.4
5.4,782,1.4
16.8,1203,4.6
7.5,877,1.9
4.7,747,1.3
10.4,994,1.9
0.7,468,0.4
7.8,891,1.8
6.7,844,1.4
19.0,1268,3.5
11.7,1038,1.9
30.8,1570,6.6
9.6,963,2.1
7.0,859,1.5
8.2,907,1.9
5.6,795,1.5
16.6,1198,3.6
30.1,1553,6.6
10.7,1004,3.3
6.3,828,1.9
4.0,713,0.6
4.5,740,0.7
6.3,826,1.7
4.2,723,2.8
2.1,594,0.7
6.8,849,2.1
15.2,1155,2.6
1.7,565,0.6
10.1,983,2.0
3.9,706,0.4
14.8,1143,4.0
7.1,859,1.5
12.5,1068,2.3
2.1,589,0.8
6.3,826,1.3
3.4,679,1.0
1.2,515,0.4
1.1,507,0.5
3.3,668,0.8
25.2,1434,4.0
0.6,455,0.3
5.3,781,1.5
23.1,1381,3.4
5.7,798,1.3
11.2,1023,2.4
14.2,1122,2.7
6.3,824,1.4
6.8,849,1.5
14.4,1129,3.5
3.4,674,1.2
10.8,1007,2.7
12.3,1059,2.4
3.5,685,1.1
19.0,1269,3.0
4.5,737,1.2
25.9,1452,4.1
25.7,1447,4.8
11.8,1041,2.1
15.0,1149,2.7
13.5,1101,2.1
9.9,972,1.3
19.5,1282,3.6
12.0,1049,2.7
21.5,1339,3.8
8.5,921,1.4
3.2,666,1.2
8.4,917,2.4
13.9,1113,2.7
5.5,789,1.6
4.0,711,0.7
8.8,931,1.6
1.5,541,0.7
24.6,1420,4.3
12.2,1057,1.9
2.0,586,0.8
8.5,919,8.6
3.0,651,0.4
8.4,914,1.6
4.1,715,1.2
9.7,967,3.6
25.0,1428,5.8
2.0,581,0.7
6.0,811,1.1
14.2,1124,3.1
3.1,659,1.1
13.1,1089,3.1
7.9,896,2.0
8.0,900,2.3
10.8,1008,2.4
2.7,633,0.7
4.6,744,0.8
13.6,1103,2.2
7.5,878,2.0
13.6,1104,3.3
2.3,609,0.9
4.6,743,1.7
17.3,1218,3.3
1.9,580,0.4
12.2,1057,3.2
18.9,1265,3.3
5.3,781,0.4
8.3,910,2.2
10.0,978,2.3
10.5,995,3.1
25.5,1443,4.7
6.3,826,1.3
6.9,851,1.6
8.2,907,2.1
4.9,760,1.5
4.2,723,0.4
3.1,657,1.3
8.5,919,3.4
3.8,697,0.3
7.3,869,1.4
5.1,767,1.6
2.9,645,0.7
6.7,845,1.4
4.1,715,1.2
15.8,1172,4.3
9.5,959,2.5
14.9,1145,3.0
9.9,973,1.9
11.2,1023,2.6
15.2,1156,2.3
8.2,907,1.0
4.2,719,1.0
2.7,631,0.5
3.8,701,0.9
2.9,648,1.0
12.3,1060,2.0
3.9,705,1.2
22.8,1372,3.7
3.7,693,1.7
20.9,1320,6.2
8.5,919,1.5
10.6,1001,1.6
10.3,989,2.5
4.1,716,0.7
2.4,613,0.5
9.6,962,1.7
0.7,466,0.4
11.9,1045,2.7
4.5,736,1.3
9.1,942,1.7
22.2,1357,4.2
0.3,408,0.2
10.3,989,2.2
15.6,1168,5.9
6.2,822,1.1
13.0,1084,2.0
2.8,637,0.7
5.8,804,1.0
6.0,812,1.5
6.9,854,1.1
3.9,704,1.3
4.4,730,1.4
16.9,1206,4.3
2.8,643,1.0
25.0,1430,4.4
25.6,1444,4.7
12.6,1072,0.7
6.0,814,1.3
5.2,774,0.9
15.4,1161,3.9
1.7,560,0.5
22.7,1370,4.2
7.9,894,1.6
7.3,868,0.8
16.3,1189,3.3
18.1,1241,3.5
2.5,621,0.5
8.5,919,1.7
14.1,1121,2.3
12.4,1063,2.8
1.2,522,0.6
9.6,964,1.8
4.6,743,1.2
13.2,1092,3.0
30.3,1559,6.8
26.5,1466,5.4
24.9,1426,5.1
8.0,899,2.3
5.5,787,1.2
3.3,672,0.2
3.8,702,0.9
2.2,598,0.8
8.5,919,1.6
5.0,763,0.9
27.9,1502,5.8
14.3,1125,3.4
1.0,496,0.5
7.5,880,1.9
8.8,933,2.2
11.0,1013,2.4
1.5,543,0.6
16.6,1198,2.7
14.4,1131,2.0
7.2,864,0.9
13.4,1096,3.3
14.2,1122,2.9
7.7,889,1.2
3.0,653,0.8
6.8,849,1.2
13.5,1101,2.6
1.6,555,0.5
8.5,919,4.2
1.6,553,0.7
14.2,1124,2.8
14.4,1129,2.3
9.1,945,1.4
15.3,1159,3.3
5.3,776,1.0
8.6,923,1.3
9.5,957,1.9
24.8,1424,4.3
8.5,920,1.6
16.3,1189,2.9
4.1,715,0.9
4.5,737,1.0
1.9,576,0.6
4.7,746,1.6
6.9,853,1.6
5.8,803,1.4
20.5,1311,4.1
4.6,744,0.9
18.3,1248,2.7
8.8,932,1.8
8.5,919,2.0
1.5,545,0.8
9.8,972,2.1
6.4,831,1.3
10.1,983,2.5
6.1,816,0.9
10.2,984,1.9
5.3,778,1.6
32.5,1608,5.6
18.4,1252,3.8
3.3,671,0.6
11.0,1013,2.4
3.9,707,1.3
6.5,835,1.3
14.3,1127,3.6
7.0,858,1.3
2.4,615,0.5
11.8,1042,1.9
21.5,1339,4.5
12.1,1053,2.2
14.7,1140,3.1
8.3,911,1.7
4.6,744,1.3
8.5,919,2.4
15.4,1161,4.1
3.9,705,1.2
29.1,1531,6.2
2.2,600,0.9
8.5,919,1.7
6.9,854,1.4
2.9,648,1.1
1.4,533,0.5
6.4,832,1.8
18.7,1261,3.3
24.0,1403,4.2
24.6,1419,4.5
7.3,870,2.0
2.0,582,0.3
14.1,1119,2.4
3.3,668,0.1
8.1,903,2.2
4.5,740,1.2
8.5,919,1.9
13.7,1107,3.1
3.5,683,1.3
4.0,712,1.7
3.3,670,1.2
5.7,797,1.4
4.1,715,0.7
10.2,985,1.9
2.5,619,0.2
8.5,919,2.1
18.7,1260,3.4
17.9,1236,3.4
13.8,1110,2.8
2.0,581,0.1
2.1,589,0.9
3.4,677,0.6
2.6,628,0.6
19.7,1287,3.7
19.3,1278,3.4
1.4,534,0.6
3.3,672,0.9
9.3,950,2.6
4.3,730,0.6
8.5,919,3.8
4.4,733,1.3
7.3,869,2.3
9.7,966,2.6
11.0,1016,1.9
11.4,1030,2.3
6.9,851,1.6
5.1,770,0.9
1.5,544,0.8
32.5,1610,6.4
6.0,810,1.5
19.9,1295,3.9
8.4,917,1.5
8.7,926,1.4
1.3,527,0.3
18.3,1249,3.8
3.8,701,1.2
2.2,598,0.6
21.7,1342,3.9
14.8,1144,3.6
29.1,1530,5.6
16.7,1202,3.4
8.5,919,3.2
6.7,846,1.1
9.2,945,1.8
2.2,599,0.6
3.6,691,1.2
3.8,700,0.9
10.9,1010,2.0
7.7,886,1.7
4.5,738,0.8
10.8,1007,1.8
3.9,706,1.3
10.4,992,1.6
9.1,943,1.9
12.1,1054,2.5
19.1,1271,4.2
8.5,919,2.7
13.6,1105,2.4
20.6,1312,4.5
3.9,707,1.1
4.7,750,0.3
8.4,914,1.7
2.2,597,0.6
13.7,1108,2.2
14.0,1117,2.3
2.5,622,0.8
6.3,826,1.3
8.5,919,1.0
7.0,859,1.3
14.5,1132,2.6
21.1,1327,3.9
7.1,859,1.5
31.4,1584,5.9
13.7,1108,3.5
8.7,929,2.3
17.3,1220,2.5
3.8,698,0.1
9.6,964,1.9
29.1,1530,6.3
20.5,1311,5.0
8.5,919,1.6
20.1,1299,4.4
2.6,628,0.9
0.5,445,0.2
15.5,1165,2.9
14.9,1144,3.1
11.8,1042,2.1
4.0,713,1.1
7.0,857,0.1
14.0,1118,2.4
4.7,749,1.5
23.1,1380,3.8
25.0,1429,4.8
6.8,849,2.3
8.5,919,1.1
3.0,651,0.1
10.4,993,1.9
25.1,1431,5.3
7.5,878,0.8
11.7,1040,2.5
20.4,1307,4.6
8.0,900,2.0
10.6,1000,2.7
14.1,1118,3.6
4.8,755,0.7
14.3,1128,2.1
8.4,916,1.2
2.4,610,0.4
7.6,882,1.2
9.6,962,1.9
5.2,776,1.5
8.5,919,1.5
12.9,1081,3.3
8.6,923,1.4
7.1,862,1.8
21.0,1325,4.1
10.3,990,1.7
2.4,612,0.5
5.8,803,1.0
3.3,671,0.1
8.5,919,6.6
18.3,1247,3.3
14.7,1139,2.7
8.2,908,1.6
22.6,1367,4.5
8.8,931,2.0
6.4,829,1.3
2.6,628,0.5
6.8,850,1.2
23.0,1377,5.0
15.7,1171,2.8
5.3,778,1.5
9.2,946,2.0
5.1,766,1.1
15.9,1177,3.6
8.5,919,1.8
6.4,829,1.6
10.5,997,1.6
11.0,1016,2.3
10.0,978,2.1
17.5,1224,2.9
23.1,1379,4.4
4.9,760,0.7
8.5,919,1.0
12.1,1054,2.8
10.8,1006,2.1
3.6,688,1.1
6.0,813,1.2
1.9,578,0.7
8.5,919,0.8
15.2,1154,2.9
17.2,1217,3.7
8.5,919,5.6
23.8,1398,4.6
3.6,690,1.2
14.0,1118,3.4
1.2,517,0.5
26.6,1470,5.0
3.9,705,0.9
4.2,721,0.7
2.1,593,0.7
4.9,758,0.7
13.8,1109,3.1
11.1,1018,1.8
3.6,687,1.0
8.5,919,0.3
8.4,915,1.3
2.7,634,0.9
24.1,1405,4.3
18.6,1256,4.3
12.7,1075,2.0
9.8,971,2.4
15.1,1151,2.2
14.3,1128,2.3
3.6,687,1.3
2.9,644,0.4
14.6,1138,3.5
3.7,694,0.8
8.5,919,1.6
8.6,924,1.6
20.1,1300,2.6
7.8,892,1.8
7.9,893,2.0
31.4,1584,5.6
2.8,641,0.6
4.6,742,1.2
20.7,1315,3.6
11.9,1046,3.1
11.9,1047,3.0
9.9,976,2.0
5.8,802,1.4
7.7,887,1.8
12.6,1070,2.2
1.0,494,0.3
8.3,912,2.1
8.3,913,2.2
21.7,1344,4.5
15.6,1168,4.1
10.4,992,2.2
13.0,1084,2.5
14.0,1117,2.2
6.9,853,1.9
10.7,1004,2.5
9.5,958,3.9
16.8,1205,2.9
5.7,798,1.6
19.3,1276,3.4
6.1,817,1.3
2.8,639,0.9
2.9,646,1.0
15.4,1162,3.1
15.3,1159,3.1
13.1,1087,2.5
2.8,642,0.7
5.7,798,1.4
14.9,1146,2.5
8.5,919,2.4
8.7,927,1.7
30.9,1573,6.3
33.1,1622,8.5
2.9,643,0.9
4.5,736,1.3
36.7,1701,8.1
2.2,597,0.4
25.2,1435,4.4
17.7,1230,2.9
8.1,905,1.0
11.9,1045,3.0
18.0,1239,3.3
9.3,951,2.0
15.9,1177,3.9
8.6,923,1.6
7.1,860,1.2
8.5,920,1.4
9.4,955,2.0
13.3,1094,3.1
28.9,1525,4.8
24.7,1421,5.6
10.0,979,1.7
21.7,1342,4.4
7.6,884,2.1
0.7,468,0.3
3.9,708,1.1
9.7,965,1.8
6.0,812,0.8
7.5,878,0.8
4.6,741,1.7
8.5,919,3.9
5.2,773,1.6
9.3,952,2.5
6.5,836,1.1
3.2,667,0.5
1.5,546,0.6
16.4,1192,3.2
5.0,762,1.6
18.6,1256,4.9
13.1,1088,1.4
15.7,1171,2.6
7.7,886,1.4
4.0,713,0.8
1.6,554,0.6
9.7,966,2.4
20.4,1307,6.1
1.4,533,0.2
11.6,1034,2.3
18.6,1256,2.9
13.6,1103,2.4
8.5,919,1.9
19.1,1272,3.7
23.3,1386,4.8
8.8,930,2.2
14.8,1142,3.2
2.1,589,0.5
5.3,779,1.3
19.3,1278,3.0
3.4,678,1.0
3.0,650,0.7
2.6,628,0.7
12.5,1066,1.9
18.9,1265,2.7
11.5,1031,4.0
17.7,1230,3.3
7.0,859,1.6
17.5,1225,2.6
8.5,919,1.4
14.2,1123,2.9
3.0,650,0.5
14.7,1139,3.1
9.3,952,2.3
7.3,870,1.8
10.9,1013,2.2
1.7,559,0.6
11.9,1045,2.2
23.3,1385,4.2
0.7,464,0.3
3.3,673,0.9
10.4,993,2.2
11.1,1017,2.2
1.8,572,0.8
17.3,1220,3.2
13.1,1088,2.9
8.1,903,1.5
3.4,678,1.2
11.4,1027,2.4
2.7,632,0.7
11.0,1014,2.6
10.5,997,2.4
19.0,1269,5.3
16.0,1181,2.7
8.5,919,2.8
8.5,919,1.2
24.2,1408,4.4
16.2,1185,2.9
15.6,1167,2.6
18.9,1265,4.3
8.1,904,1.8
0.7,465,0.4
22.8,1374,3.8
25.3,1437,4.9
8.4,916,1.5
5.2,771,1.7
5.2,774,1.0
9.3,951,2.4
43.0,1831,8.6
11.3,1026,2.0
3.2,666,1.4
5.9,805,1.1
6.4,829,1.5
8.5,919,1.6
16.0,1181,2.5
10.4,994,2.0
10.3,987,2.6
8.5,919,1.4
29.2,1533,6.8
6.9,854,1.8
8.6,922,2.2
13.2,1089,2.6
6.0,810,1.4
1.6,556,0.5
7.6,881,0.7
8.5,920,2.0
4.5,740,0.3
12.6,1069,3.5
3.3,673,0.8
11.0,1015,2.2
11.9,1047,2.4
8.7,928,1.1
7.1,863,1.6
1.7,558,0.5
9.8,970,1.7
11.9,1047,2.2
14.6,1137,2.4
2.6,629,1.0
3.9,705,1.2
7.6,883,1.5
10.2,985,1.5
14.1,1121,2.6
3.8,700,2.4
12.3,1061,2.7
17.3,1219,3.1
23.5,1392,5.3
1.2,522,0.5
2.9,643,0.7
9.8,969,2.3
19.3,1276,3.4
9.2,946,2.1
9.9,975,2.3
8.3,912,2.2
3.0,654,0.8
5.4,785,1.3
10.9,1012,2.0
26.5,1466,4.7
0.3,417,0.4
12.7,1072,2.6
9.2,948,2.6
12.3,1061,2.7
5.8,803,0.9
21.0,1325,4.5
7.4,874,2.0
3.3,671,0.7
13.0,1084,2.5
21.5,1339,3.3
33.7,1636,6.2
15.7,1171,2.7
5.8,804,1.8
7.1,863,1.8
11.4,1029,2.1
5.9,808,1.3
16.2,1185,2.4
7.9,895,1.6
23.8,1398,4.0
16.9,1208,6.1
9.4,954,2.0
8.1,901,2.1
26.3,1463,5.2
16.2,1186,3.5
6.1,816,1.7
6.9,851,1.2
6.8,850,2.9
3.6,686,0.3
16.9,1208,2.9
3.9,703,1.2
3.1,658,1.1
5.3,776,3.2
8.5,919,4.2
12.4,1064,2.8
4.2,719,0.3
1.9,580,0.4
2.3,603,0.7
2.2,600,0.7
16.5,1196,2.1
9.3,950,1.4
9.7,965,1.6
3.2,665,1.1
9.2,947,1.7
6.3,828,1.1
8.1,902,1.0
6.2,820,1.6
9.8,971,2.1
0.6,454,0.5
2.6,624,1.0
16.3,1190,3.2
9.1,942,2.4
4.0,709,0.6
18.8,1262,4.0
47.5,1920,8.7
17.5,1224,3.9
5.6,794,1.4
18.0,1241,2.8
8.3,910,1.2
1.8,568,0.8
7.5,878,1.0
9.0,941,1.7
1.7,559,0.4
21.8,1347,4.3
22.4,1363,3.6
4.2,721,0.8
2.5,619,0.5
2.8,640,0.9
21.4,1335,4.0
6.0,814,1.7
17.1,1213,2.5
33.5,1632,7.4
6.7,846,1.4
16.6,1198,3.3
23.2,1384,3.2
10.8,1009,2.2
2.2,597,0.9
7.8,889,1.4
8.5,919,4.7
8.5,919,1.1
16.7,1201,3.9
7.4,875,1.4
17.5,1223,4.0
2.6,626,0.5
36.9,1705,6.4
11.2,1021,2.3
17.9,1236,4.4
10.9,1011,2.2
21.6,1341,3.9
1.6,552,0.5
5.4,785,1.1
34.8,1661,6.0
6.3,826,1.5
14.2,1122,2.7
12.9,1082,2.6
19.5,1282,4.4
12.6,1069,2.7
16.0,1178,3.3
4.8,751,0.3
6.6,839,1.5
8.5,919,1.9
5.7,798,1.8
13.2,1090,2.6
36.7,1701,6.2
8.4,914,2.1
15.1,1152,3.4
15.2,1155,3.5
22.0,1352,3.6
11.6,1036,2.4
5.9,808,1.2
7.7,889,1.4
2.0,584,0.6
12.4,1062,2.2
16.7,1201,2.9
5.0,763,0.3
16.8,1203,4.0
5.7,800,1.3
20.3,1304,4.0
6.7,842,1.6
9.7,967,2.2
12.2,1056,2.2
10.7,1003,2.2
9.0,939,2.2
2.3,606,0.4
3.1,661,1.2
3.7,692,0.9
2.3,606,0.2
15.2,1156,2.8
15.7,1169,2.1
8.7,929,1.7
11.5,1031,2.5
11.0,1015,2.5
14.9,1146,3.3
7.9,893,1.7
2.7,635,0.8
5.4,782,1.6
13.2,1091,2.6
5.5,790,0.9
11.2,1023,1.9
8.0,900,1.4
28.3,1510,5.4
2.0,582,0.8
13.0,1083,2.2
2.8,641,0.5
3.8,698,0.6
22.1,1354,4.4
8.7,929,1.8
6.9,851,1.6
17.0,1209,4.2
11.2,1020,2.7
11.6,1035,3.3
1.4,534,0.6
9.4,956,1.9
17.9,1236,3.5
1.1,512,0.7
16.2,1186,2.9
12.8,1079,3.3
4.1,714,0.7
6.4,829,1.9
10.3,989,2.2
3.4,678,1.4
10.7,1005,1.9
4.9,759,1.1
24.6,1419,5.0
7.4,874,2.2
10.5,996,2.0
13.6,1104,2.8
0.2,397,0.2
4.1,718,0.4
3.1,661,1.1
5.6,793,1.5
16.5,1194,4.7
4.1,714,0.9
13.6,1105,2.4
8.5,919,1.5
6.0,812,0.9
2.2,598,0.5
20.7,1316,3.6
7.3,871,1.2
11.6,1035,2.3
4.7,748,1.7
16.1,1183,3.5
1.7,559,0.7
22.7,1370,3.5
7.3,868,1.8
9.5,959,1.5
9.1,942,1.4
15.0,1148,2.7
15.2,1155,2.9
11.2,1021,2.2
18.0,1238,4.2
2.7,631,0.7
7.1,862,1.7
15.8,1175,2.1
19.5,1281,4.0
10.5,997,1.7
10.2,985,1.9
12.4,1064,2.6
22.0,1350,3.8
20.0,1296,4.4
3.3,671,0.8
1.9,580,1.1
4.5,739,1.3
1.3,526,0.4
5.8,800,1.1
1.2,516,0.4
6.4,831,1.0
3.5,683,0.9
4.3,726,0.7
11.8,1042,2.7
4.8,751,1.2
2.4,616,0.6
22.1,1355,4.2
7.9,897,2.5
9.6,962,1.9
15.3,1157,2.8
14.6,1135,2.9
2.8,639,0.6
8.5,919,4.2
7.7,885,1.4
8.8,932,1.3
11.6,1037,2.7
18.8,1264,3.9
5.2,775,1.2
7.0,855,1.3
5.1,769,1.4
11.1,1018,2.7
8.5,919,2.9
9.6,963,1.6
8.5,919,1.5
29.9,1549,4.6
4.4,732,1.5
3.3,672,0.8
12.0,1049,2.3
0.7,466,0.1
0.5,444,0.4
2.4,612,0.4
19.8,1292,3.6
18.1,1241,2.9
4.7,750,1.4
4.9,759,1.4
9.8,971,3.3
2.6,624,1.0
13.4,1098,2.8
4.0,713,0.5
12.7,1074,2.2
4.8,753,1.1
24.0,1404,4.6
18.0,1240,3.9
21.2,1331,3.6
11.2,1022,2.3
1.5,542,0.4
3.3,669,1.0
15.1,1153,3.8
22.3,1358,3.7
8.3,911,2.2
19.4,1280,4.6
8.8,931,2.3
3.5,680,1.0
6.0,814,1.4
18.2,1246,3.7
6.2,819,1.7
1.8,570,0.7
16.1,1183,3.2
21.6,1340,3.2
7.3,870,2.1
8.6,925,1.9
20.6,1314,3.3
3.8,698,1.0
24.3,1411,4.9
9.7,966,1.8
8.5,919,3.4
10.4,992,1.5
17.3,1219,3.3
31.0,1573,6.1
46.3,1897,7.9
8.1,902,1.9
5.9,809,1.3
3.4,677,1.3
2.5,618,0.4
19.3,1278,3.0
5.2,771,1.5
11.9,1045,2.7
7.7,886,1.3
2.5,620,0.5
1.4,538,0.7
8.5,919,7.1
3.3,673,0.7
12.7,1072,2.9
6.1,816,1.1
11.0,1014,2.3
2.4,613,0.4
7.5,880,1.5
7.7,886,1.3
5.8,805,1.1
3.0,650,0.7
20.6,1314,4.1
8.5,919,2.2
2.2,601,0.5
14.5,1133,3.1
11.3,1025,2.7
11.4,1030,2.1
2.9,644,0.9
13.1,1088,2.7
12.9,1081,3.2
22.8,1372,3.7
7.7,888,1.8
9.0,940,2.3
8.5,919,2.0
6.7,842,1.2
6.0,810,0.9
15.4,1161,2.9
9.1,944,2.2
12.6,1070,3.8
25.6,1444,4.6
13.3,1094,2.0
9.3,952,2.1
10.0,979,1.8
4.4,733,1.5
1.4,539,0.6
10.8,1007,1.9
13.0,1084,1.8
3.6,688,0.8
10.6,1000,2.1
14.6,1137,3.2
2.5,622,1.1
3.3,670,0.6
14.1,1121,3.2
10.9,1010,2.2
8.6,923,1.5
8.5,919,2.4
16.7,1200,3.3
1.9,576,0.5
20.6,1314,3.4
3.0,654,0.9
14.4,1129,3.2
11.7,1039,2.3
31.6,1588,8.1
8.4,915,1.6
8.3,911,1.5
13.7,1108,2.2
24.7,1420,4.8
10.2,985,2.0
1.3,525,0.6
3.4,674,1.2
27.3,1486,5.0
13.3,1094,3.2
7.6,881,1.7
3.4,676,0.7
3.8,701,0.9
2.1,588,1.1
4.0,708,0.5
9.5,957,1.8
21.0,1324,4.7
8.5,919,1.4
4.3,727,1.3
19.3,1278,3.4
6.5,835,2.2
6.0,811,1.6
7.8,889,1.6
18.5,1253,3.2
10.5,998,2.1
6.0,811,1.0
63.7,2214,3.1
13.1,1088,3.8
17.7,1231,3.8
1.2,516,0.6
11.0,1016,2.5
15.8,1174,4.5
16.2,1185,2.9
18.3,1248,3.1
11.7,1039,2.0
11.0,1013,2.9
3.0,652,1.1
2.5,616,0.7
17.7,1230,2.5
7.9,897,1.6
15.9,1177,3.0
5.7,797,1.6
21.6,1339,3.9
15.7,1171,2.8
5.6,795,1.4
5.2,771,1.4
15.5,1163,2.4
1.8,568,0.5
7.4,872,2.1
8.5,919,1.7
16.5,1195,2.9
13.8,1110,3.5
22.1,1355,3.8
9.5,958,1.7
7.0,855,1.5
19.5,1283,3.9
15.9,1175,3.3
8.6,926,3.2
16.4,1193,3.7
5.1,769,1.0
14.3,1126,2.1
2.9,649,0.8
21.8,1347,3.1
11.3,1025,3.3
21.7,1342,3.5
10.0,977,2.2
7.5,878,1.9
2.0,582,1.1
0.8,476,0.4
13.0,1084,2.3
4.4,734,1.5
6.2,819,1.7
10.5,996,2.3
2.6,629,1.0
7.1,861,1.8
10.1,980,1.3
2.0,583,0.8
2.1,590,0.5
15.4,1161,3.3
16.7,1202,4.2
18.9,1265,3.3
4.9,757,1.7
8.1,905,1.4
15.1,1152,1.3
2.6,628,0.4
10.8,1007,2.5
18.7,1260,3.7
14.4,1131,2.6
4.3,729,1.3
18.9,1266,3.6
12.6,1069,2.2
6.0,813,1.4
31.2,1578,5.1
8.7,927,1.7
13.7,1106,2.2
28.1,1507,5.9
32.3,1605,6.8
3.0,653,1.4
4.1,716,1.2
2.8,639,0.6
20.8,1319,4.6
3.2,662,0.9
6.3,826,1.1
15.0,1150,2.8
8.5,919,1.7
11.1,1017,2.5
19.5,1282,2.8
27.5,1492,4.7
2.5,618,0.7
8.5,918,1.7
21.8,1346,4.2
8.4,916,2.0
6.6,838,1.5
26.3,1462,5.5
12.3,1059,1.7
6.7,845,1.2
12.9,1080,2.3
2.5,621,1.0
4.8,751,1.4
21.1,1328,3.3
3.3,673,0.8
10.3,987,2.6
7.3,868,1.2
2.0,582,0.7
11.3,1024,2.4
10.0,979,1.5
7.0,857,1.3
3.9,708,0.7
16.1,1184,3.2
0.7,466,0.6
5.4,783,1.7
41.0,1793,8.0
17.9,1236,3.0
10.0,979,1.9
6.7,845,1.2
13.4,1098,3.3
19.7,1288,4.7
22.4,1361,5.1
3.0,651,0.9
15.1,1153,1.5
24.8,1423,4.9
9.4,956,1.5
15.2,1155,3.1
23.2,1382,4.3
24.2,1410,4.6
6.3,828,1.5
7.6,882,1.9
4.3,727,1.0
4.4,731,1.1
5.8,803,1.8
17.0,1210,3.9
4.0,709,1.1
6.1,817,0.8
0.6,459,0.3
3.7,691,1.0
6.2,821,1.7
3.6,689,1.1
12.7,1074,2.0
5.5,789,0.8
16.8,1203,3.2
19.9,1294,4.1
3.5,682,1.2
9.0,941,1.5
8.8,931,2.2
10.5,995,1.9
6.5,833,1.6
8.5,919,1.0
21.5,1336,4.0
4.4,731,1.3
6.1,814,1.1
3.5,680,1.3
15.2,1154,2.7
22.4,1363,4.1
8.6,924,1.9
8.9,935,1.8
37.9,1727,7.5
3.0,651,0.9
17.8,1233,3.0
30.7,1568,5.6
13.0,1084,3.6
5.9,809,1.2
18.9,1265,3.8
7.5,877,2.3
2.6,629,0.5
12.1,1052,1.9
11.4,1028,2.0
1.8,572,0.7
10.7,1002,2.2
5.5,789,1.6
8.5,919,3.2
14.4,1130,3.4
21.7,1344,3.5
20.1,1300,4.7
8.8,931,2.3
1.5,544,0.3
10.0,977,1.6
13.4,1096,2.5
5.3,776,1.3
15.7,1170,3.3
6.9,855,1.7
9.6,961,2.6
17.6,1227,4.3
4.3,730,1.0
17.7,1231,3.3
8.6,923,2.3
2.5,617,0.8
1.3,531,0.7
9.0,940,1.9
10.3,990,2.2
5.3,778,2.1
14.1,1121,3.0
7.1,861,0.8
2.3,604,0.6
9.6,962,1.8
10.7,1004,2.1
15.3,1157,3.0
38.9,1748,6.5
9.7,965,2.2
14.8,1144,2.5
8.6,925,0.1
4.2,719,1.1
6.8,846,0.8
14.6,1136,2.6
11.9,1046,2.1
8.1,903,2.4
7.4,872,1.5
3.6,686,0.7
13.4,1097,2.9
2.3,603,0.5
32.3,1605,5.4
10.1,982,1.4
13.0,1085,4.0
6.0,813,1.1
6.3,828,1.1
8.8,930,1.6
22.8,1373,4.7
5.8,804,1.3
5.5,787,1.3
5.3,781,1.3
3.7,694,1.2
6.2,821,1.5
18.5,1254,1.6
16.3,1190,2.9
5.9,808,1.2
4.6,743,1.0
10.9,1010,2.2
5.1,770,1.3
16.0,1180,3.0
18.2,1246,3.1
6.7,845,1.2
24.8,1425,6.9
6.7,843,1.7
5.0,765,1.1
6.0,812,1.3
13.4,1097,2.6
5.2,776,1.0
15.1,1152,3.1
11.6,1037,1.9
2.3,603,0.8
15.7,1170,2.5
10.5,996,2.3
5.9,805,0.9
11.0,1014,2.0
31.0,1575,5.1
24.6,1418,5.2
20.1,1299,3.3
2.0,583,0.8
20.5,1312,4.8
8.5,919,2.1
15.1,1153,2.9
14.3,1126,3.8
7.6,883,1.8
7.3,870,1.5
14.5,1131,2.8
0.6,453,0.4
8.5,919,1.4
3.8,698,1.0
18.9,1267,4.3
1.0,497,0.6
19.9,1294,3.3
14.7,1140,3.4
15.8,1174,4.1
2.8,637,0.5
6.5,836,1.5
9.9,976,1.3
17.6,1228,4.8
6.2,820,1.6
3.9,705,1.0
8.5,919,2.0
1.7,560,1.0
4.9,761,1.3
9.2,948,1.6
3.9,703,1.3
16.9,1206,1.3
2.3,604,0.5
3.6,687,1.0
8.5,919,1.5
11.5,1034,2.2
17.1,1213,2.0
5.3,776,1.6
13.1,1087,2.3
7.4,873,0.8
16.5,1196,3.4
7.8,891,2.1
19.1,1270,3.5
10.9,1009,2.1
8.5,920,1.3
8.9,935,2.2
21.6,1341,4.1
4.6,742,0.7
3.2,666,1.1
2.5,619,0.5
12.4,1065,2.3
8.6,924,2.2
4.6,744,0.8
3.9,707,0.9
4.7,746,1.0
1.3,532,0.6
8.8,931,2.8
12.6,1072,2.5
10.5,995,2.2
2.6,629,0.7
3.6,690,0.7
8.5,919,1.0
4.7,747,0.8
23.1,1381,4.6
9.3,950,1.7
1.0,495,0.3
7.2,867,1.4
7.9,897,1.5
8.4,918,1.6
2.9,646,1.0
3.1,658,0.6
13.1,1086,2.3
21.5,1338,3.7
15.2,1156,2.4
3.1,659,0.7
15.3,1157,2.5
7.4,872,1.6
10.9,1011,2.3
21.9,1349,4.5
27.1,1482,4.3
27.3,1487,5.3
25.5,1442,5.1
13.4,1097,2.4
20.8,1319,3.6
4.1,718,0.7
6.0,811,0.8
6.2,820,1.0
7.9,895,1.3
18.1,1244,4.4
3.4,675,1.1
14.7,1138,3.2
10.7,1003,2.1
9.7,968,2.4
4.4,733,0.8
2.6,629,1.2
1.7,560,0.7
9.1,945,1.7
3.3,670,0.1
6.1,816,0.9
0.5,440,0.4
3.9,703,1.1
29.5,1539,5.1
9.7,966,2.4
4.4,733,0.4
1.6,553,0.6
7.7,887,1.4
11.1,1019,2.2
15.0,1148,3.7
5.7,796,0.7
3.7,693,1.4
7.4,872,0.9
8.5,919,5.5
7.6,881,1.6
3.2,664,1.0
15.4,1160,2.8
13.6,1105,2.8
2.9,649,1.1
8.5,921,1.4
8.6,925,1.4
13.1,1087,2.9
9.4,954,1.8
10.4,993,2.8
13.8,1110,2.9
10.9,1010,2.1
1.2,520,0.5
4.5,740,1.0
23.3,1386,3.7
5.5,790,1.6
3.7,694,1.3
11.9,1045,2.0
4.8,753,1.4
22.7,1371,4.4
12.0,1050,2.7
5.3,778,1.1
5.4,785,1.0
4.3,726,1.3
3.6,690,0.8
17.6,1227,3.5
19.0,1268,2.8
0.6,459,0.3
1.7,563,0.6
10.1,982,2.0
6.7,842,1.0
45.2,1877,10.1
23.4,1389,4.1
9.2,949,1.6
8.5,919,2.1
13.6,1105,2.2
2.7,636,0.6
3.1,658,0.5
8.7,927,1.8
25.0,1429,3.5
13.4,1096,2.7
9.4,955,2.2
5.2,771,2.4
9.0,938,2.3
4.9,760,0.5
16.3,1189,3.1
17.8,1235,3.7
3.6,689,2.6
11.7,1040,2.6
3.9,705,1.3
7.5,880,2.1
17.4,1222,4.3
5.6,791,1.9
8.8,933,1.6
2.9,644,0.7
1.8,566,1.0
2.7,634,1.1
20.1,1298,4.1
4.7,748,0.8
6.8,850,2.0
21.8,1345,3.6
7.5,879,2.2
13.7,1108,3.0
8.2,909,2.2
15.5,1163,3.0
5.7,797,1.5
14.8,1144,2.6
19.9,1294,4.2
8.5,919,2.6
3.9,707,1.2
9.2,948,2.2
14.3,1126,2.7
25.7,1447,5.8
4.7,747,1.5
4.7,750,1.2
2.6,625,1.0
4.4,735,1.0
18.2,1245,3.3
14.5,1134,2.8
22.3,1358,4.3
10.9,1012,2.1
4.4,734,1.2
13.3,1095,2.9
24.4,1413,4.0
10.3,988,1.9
5.6,794,0.9
1.7,562,0.7
18.0,1240,3.0
6.3,826,1.3
11.3,1024,1.5
15.4,1160,2.8
8.1,901,1.9
9.2,949,1.9
32.6,1610,6.2
14.3,1125,2.0
8.6,922,1.4
11.4,1028,2.9
8.3,910,1.5
18.4,1251,3.1
9.0,938,1.5
2.5,620,0.2
5.8,804,0.3
14.9,1145,2.5
8.5,919,0.6
10.0,977,2.2
13.1,1087,2.0
13.6,1105,3.9
2.1,589,0.4
13.5,1099,2.8
3.9,703,0.1
3.8,697,0.5
16.0,1179,3.0
21.8,1345,4.7
2.4,615,1.1
18.5,1253,3.2
13.6,1105,2.6
0.6,453,0.4
5.0,763,0.7
3.6,686,0.6
16.7,1202,3.8
13.7,1108,3.3
10.2,987,2.5
17.5,1226,3.6
1.6,552,0.9
7.5,880,1.5
41.2,1795,7.3
6.6,841,1.5
2.4,614,2.4
3.5,681,0.9
7.3,869,2.9
3.8,699,2.2
9.9,973,1.8
8.5,919,0.7
18.2,1245,5.4
2.6,623,0.8
11.1,1020,2.1
7.1,860,2.3
19.3,1276,2.6
26.1,1457,5.6
3.1,658,0.6
1.6,552,0.7
6.7,845,1.7
2.0,584,0.8
11.4,1029,2.9
7.8,891,2.1
4.7,748,0.9
8.0,899,1.3
2.7,635,0.5
4.8,753,1.6
2.7,632,0.8
6.9,851,2.0
14.6,1137,3.9
18.3,1247,5.6
8.4,916,1.9
4.6,745,0.7
7.0,859,1.4
20.0,1296,3.5
14.4,1131,3.2
15.9,1177,3.3
1.5,548,0.8
2.6,625,1.0
8.5,919,1.0
5.3,776,1.3
12.5,1067,2.8
3.7,695,1.1
10.2,986,2.2
5.2,772,1.5
18.6,1257,3.9
15.1,1152,2.8
10.7,1005,2.5
11.6,1036,2.5
13.7,1107,3.2
18.1,1244,2.7
7.7,889,1.3
2.6,627,0.7
22.4,1362,4.7
10.7,1003,2.6
3.1,655,0.9
7.1,862,1.1
11.2,1021,1.7
8.5,919,1.7
6.4,830,1.7
7.2,864,1.1
6.9,855,1.5
2.5,620,0.5
3.2,663,0.8
8.5,919,0.9
3.4,675,1.3
5.6,793,1.1
5.4,784,0.6
20.3,1306,3.9
10.0,979,2.1
3.2,665,1.1
5.9,807,1.6
5.0,765,0.3
8.8,930,0.8
8.5,919,1.6
5.2,773,1.5
8.5,919,1.7
12.9,1082,3.1
8.5,919,0.8
6.4,829,1.5
2.1,588,0.5
9.9,976,2.0
11.8,1044,3.1
18.3,1249,3.3
35.2,1669,4.9
4.3,729,1.1
11.1,1019,2.0
3.2,662,0.5
9.8,969,2.2
3.3,670,0.7
12.2,1057,0.4
5.4,782,1.0
0.7,470,0.5
1.8,572,0.8
27.7,1497,5.0
2.9,645,0.3
9.5,958,1.8
15.6,1168,3.4
20.5,1311,3.7
4.3,727,1.0
3.0,655,0.6
17.6,1227,3.9
16.3,1188,2.0
13.0,1084,3.4
27.4,1490,6.1
8.9,937,1.6
5.9,805,1.4
3.6,687,0.7
0.7,470,0.6
11.9,1045,2.4
19.1,1270,3.0
8.5,919,6.4
2.6,623,0.5
1.5,543,0.7
17.8,1235,3.4
7.0,857,1.4
3.0,652,0.5
11.7,1041,2.1
6.2,820,1.3
11.4,1027,2.3
15.3,1157,2.8
11.8,1043,2.9
4.9,759,1.2
23.8,1398,3.7
2.1,591,0.7
19.3,1277,2.7
18.5,1255,3.1
16.6,1197,3.5
11.8,1042,2.4
11.5,1034,2.1
8.3,913,1.9
3.1,656,0.5
8.4,917,1.8
11.9,1046,2.4
16.3,1190,4.0
6.7,844,1.5
7.2,864,0.8
5.8,804,0.9
16.1,1183,3.5
14.5,1133,3.0
4.4,735,0.6
11.1,1017,1.9
19.8,1291,4.0
3.3,669,1.0
2.0,586,0.4
7.3,872,1.9
4.9,758,0.9
7.6,883,1.9
10.6,999,2.8
4.3,729,0.9
8.5,919,2.3
2.7,630,0.9
20.6,1313,3.6
19.5,1282,4.0
12.1,1053,1.9
4.0,711,1.3
6.9,852,1.4
8.4,916,1.6
5.3,778,1.6
16.6,1199,2.4
14.5,1132,4.0
16.6,1197,3.6
14.1,1120,2.6
0.7,461,0.3
12.7,1074,2.7
2.0,582,0.7
16.4,1193,4.3
10.5,998,2.8
3.9,707,1.3
0.6,452,0.4
6.6,837,1.0
14.1,1120,2.4
12.2,1056,2.4
11.1,1017,2.8
8.5,919,4.2
22.4,1362,4.3
24.5,1417,5.6
6.7,843,1.3
7.3,868,2.1
6.1,815,1.0
7.0,856,2.1
14.9,1147,2.5
7.3,868,1.5
8.3,912,1.4
20.3,1306,4.3
20.5,1310,4.8
3.6,691,1.4
9.4,955,2.1
1.3,525,0.6
7.9,896,1.2
3.8,702,0.6
6.7,846,0.7
8.5,919,3.6
36.0,1686,7.7
17.2,1217,3.2
7.0,859,2.8
7.0,856,1.8
15.5,1163,3.4
7.4,873,2.2
13.3,1094,3.6
3.6,687,1.1
11.7,1039,2.6
23.2,1382,3.7
6.5,837,1.4
3.8,702,1.0
0.5,437,0.3
9.9,975,2.3
3.8,702,1.1
7.1,860,2.5
23.0,1378,5.7
10.9,1011,1.9
1.7,561,0.6
4.4,732,1.3
3.0,651,0.5
10.2,985,2.3
19.4,1280,4.4
9.9,974,2.8
9.1,943,2.4
1.8,570,0.8
3.5,682,1.1
6.1,816,0.3
5.8,802,1.3
30.4,1560,5.5
4.9,759,0.4
5.0,764,1.0
8.5,919,1.1
14.3,1126,3.1
3.2,665,1.0
5.3,777,1.4
9.7,967,2.0
11.6,1037,2.1
13.0,1085,4.1
4.8,754,1.0
13.7,1108,2.8
11.4,1027,1.8
9.0,941,1.6
2.7,632,0.7
8.3,910,2.0
4.1,718,1.4
13.2,1090,4.0
7.7,887,2.0
2.4,616,0.8
3.7,691,1.0
8.8,931,2.0
1.9,578,0.4
6.7,842,1.6
9.5,958,2.1
13.6,1102,2.3
6.2,821,0.9
5.7,800,0.7
14.1,1121,2.4
2.8,639,0.9
12.3,1059,1.5
2.9,647,0.6
6.9,854,1.4
2.5,622,0.3
19.5,1282,4.1
9.5,958,2.8
8.5,919,5.4
5.4,785,1.7
7.7,888,1.3
9.7,965,1.9
12.8,1078,3.1
14.8,1143,2.7
4.0,712,1.1
19.3,1277,3.9
19.1,1272,4.1
17.3,1218,3.5
4.7,747,2.6
9.1,943,2.0
3.4,677,0.5
5.3,776,0.8
5.4,783,1.0
16.4,1191,3.2
8.5,919,2.2
5.5,787,1.9
24.8,1424,4.0
6.2,821,1.6
8.1,903,3.5
7.7,885,1.6
7.9,896,1.3
6.2,823,1.2
20.4,1309,3.8
8.5,919,3.6
5.5,786,1.4
16.8,1205,2.8
10.9,1010,1.8
29.1,1531,6.5
7.0,856,1.0
1.4,538,0.4
7.4,875,1.7
23.3,1386,3.6
11.5,1031,2.9
10.2,987,1.8
14.7,1141,3.5
7.4,874,1.4
8.5,919,1.6
12.3,1061,1.9
4.0,709,1.2
19.0,1269,3.9
18.4,1251,3.9
6.7,845,1.7
19.7,1288,3.6
3.2,662,1.0
7.8,893,1.4
6.6,837,1.8
30.5,1562,6.6
9.4,956,2.2
15.1,1152,2.7
2.3,609,0.5
12.4,1065,2.5
12.7,1073,2.3
4.3,728,1.6
1.5,541,0.6
6.4,828,1.3
10.4,993,1.9
3.8,699,0.8
3.2,665,0.5
16.1,1182,3.9
1.9,579,0.6
12.0,1048,2.3
3.2,663,0.7
7.0,858,1.5
13.4,1096,2.2
7.4,872,1.3
15.9,1177,2.9
21.2,1331,4.2
4.2,720,0.7
19.8,1291,4.2
7.9,896,2.3
15.7,1171,2.8
23.7,1396,4.1
8.5,919,3.6
4.0,711,0.9
21.8,1346,3.6
7.7,885,2.1
8.5,919,0.6
2.6,625,1.0
3.1,661,0.1
9.4,957,2.0
18.6,1258,2.8
1.5,544,0.4
6.4,832,1.6
3.4,674,1.0
3.1,661,0.6
16.4,1192,3.1
6.1,816,1.3
3.6,690,0.2
6.2,820,0.9
18.5,1255,3.0
30.4,1561,4.6
22.3,1360,3.8
7.7,886,1.7
20.6,1312,4.2
1.9,578,1.0
20.9,1321,3.8
1.3,530,0.4
1.5,544,0.5
13.7,1108,2.3
4.8,751,1.4
24.5,1417,4.9
6.7,844,1.5
5.7,800,1.1
3.5,684,0.8
14.5,1133,3.2
2.7,632,0.4
23.0,1379,4.5
5.2,772,1.0
1.6,549,0.2
8.5,919,2.0
8.0,898,1.6
8.5,919,2.2
10.6,999,1.7
0.7,470,0.3
5.7,799,1.2
6.3,826,2.4
8.6,925,1.7
4.0,713,1.1
16.3,1188,3.0
15.7,1169,3.1
9.8,970,1.8
2.8,641,1.1
2.3,606,0.7
15.4,1161,3.4
11.4,1029,2.3
20.3,1305,4.0
4.0,711,1.0
6.8,848,1.6
8.8,933,2.2
4.9,760,1.2
17.8,1233,3.2
0.4,427,0.3
21.9,1349,4.3
1.0,500,0.6
29.0,1527,5.7
15.7,1171,3.1
3.3,670,0.9
17.7,1229,3.4
8.7,926,2.3
17.0,1209,3.2
10.6,1002,2.6
8.5,919,2.2
9.2,945,1.7
19.1,1272,3.6
5.6,795,1.6
21.8,1347,3.8
14.3,1125,2.7
21.0,1323,3.7
28.2,1508,5.9
4.1,717,2.4
3.1,659,1.2
4.2,722,0.7
24.4,1413,5.9
8.2,909,2.2
15.7,1171,1.8
20.1,1299,3.5
3.9,705,0.9
2.6,625,0.4
1.9,576,0.8
7.9,895,1.6
7.5,877,1.5
13.0,1085,2.8
31.8,1593,6.7
7.4,875,1.7
2.2,595,0.3
3.2,666,1.0
2.4,610,0.8
4.8,754,1.4
10.0,977,1.6
5.1,767,0.6
21.4,1334,3.5
11.8,1043,2.0
18.7,1261,3.9
24.9,1427,4.3
4.8,754,1.1
32.1,1601,6.1
5.5,789,1.8
10.9,1010,1.6
9.0,939,1.7
2.6,625,1.1
4.3,730,1.3
5.7,799,1.5
6.5,836,1.2
3.8,699,0.4
10.9,1011,2.0
4.9,760,1.1
12.4,1063,2.1
17.7,1230,3.0
3.6,687,0.6
8.1,903,1.9
13.4,1096,2.1
6.8,848,1.1
17.0,1211,3.2
12.4,1062,2.2
1.4,536,0.5
5.7,800,1.4
5.4,782,1.7
1.5,541,0.5
14.1,1121,3.3
1.2,521,0.3
3.6,687,0.7
7.0,856,1.9
10.1,983,1.7
14.2,1122,1.5
10.3,990,1.5
11.8,1042,2.0
2.3,608,1.1
2.7,631,0.6
36.1,1688,5.8
3.6,689,1.0
2.3,609,0.5
5.6,792,0.9
2.2,601,0.8
20.2,1302,4.7
8.5,919,3.3
13.6,1104,3.8
17.8,1235,3.5
10.7,1003,1.9
2.9,645,0.5
1.6,550,1.0
7.7,887,1.2
3.6,689,0.7
10.7,1004,1.7
8.0,900,1.7
9.4,955,1.4
8.5,920,1.9
8.4,917,2.0
10.1,981,2.0
2.9,644,0.9
11.1,1017,3.0
2.8,636,1.1
6.0,813,1.7
5.7,798,1.1
8.7,928,2.0
2.5,620,0.8
5.2,773,2.1
7.0,859,1.1
22.3,1359,4.6
22.0,1352,5.0
7.7,885,1.2
5.6,791,1.4
17.3,1220,3.0
6.6,839,1.4
9.6,962,2.6
11.9,1045,2.2
8.2,906,1.6
4.4,731,1.4
12.3,1061,3.2
3.5,684,0.8
0.8,478,0.4
5.8,803,1.0
35.6,1677,6.9
2.3,604,0.6
9.0,938,1.7
5.7,800,1.3
1.7,557,0.5
5.7,799,1.7
9.0,940,1.6
6.7,846,1.3
48.2,1935,9.2
14.5,1133,2.3
12.3,1060,2.2
4.1,714,1.5
10.9,1013,3.8
14.0,1116,2.7
6.9,853,1.3
11.1,1017,2.5
8.0,900,1.6
19.0,1267,3.9
5.5,786,1.5
5.6,795,1.7
5.6,794,2.0
26.9,1477,4.6
13.6,1102,3.1
8.5,919,2.4
8.5,919,2.5
6.4,831,1.2
20.2,1302,4.9
21.0,1323,4.2
1.5,541,0.5
15.1,1151,3.1
5.5,789,0.9
14.8,1143,2.4
20.2,1303,4.4
10.2,985,1.7
6.6,840,0.9
31.0,1573,6.5
8.0,900,1.6
15.7,1170,3.1
3.3,668,0.3
16.4,1193,3.4
14.5,1133,2.7
1.1,512,0.7
3.7,697,0.7
6.9,852,1.4
21.3,1333,4.0
3.6,686,0.9
2.0,587,0.7
6.5,836,1.5
8.5,919,1.8
2.7,635,1.0
2.5,621,0.8
3.6,688,1.3
4.5,739,1.3
2.0,587,0.8
0.7,470,0.6
6.1,816,1.1
15.4,1162,4.2
2.6,624,0.6
1.2,521,0.4
3.6,690,1.1
4.2,722,1.0
8.5,919,0.8
6.5,836,1.6
2.6,624,0.4
13.0,1085,3.4
7.4,875,1.7
8.5,919,2.1
3.8,699,0.2
17.0,1210,4.1
17.2,1217,3.6
2.4,614,1.3
18.0,1238,3.2
13.1,1087,3.2
26.1,1458,5.6
18.6,1257,2.8
8.5,919,5.9
12.9,1082,3.0
8.5,919,6.5
11.3,1025,2.6
5.6,791,2.2
2.6,628,0.5
7.6,884,1.6
13.0,1084,2.3
9.0,941,1.5
16.6,1197,3.0
0.7,471,0.3
8.5,919,1.6
6.2,820,1.0
21.2,1330,4.0
36.6,1699,7.8
8.5,919,9.3
2.8,637,0.4
7.4,874,2.0
22.5,1365,4.5
19.9,1295,3.4
14.6,1137,2.1
0.3,412,0.3
5.1,770,1.6
31.2,1578,5.7
3.0,655,0.5
4.5,735,0.9
22.7,1371,4.9
35.3,1671,6.5
9.5,958,1.4
6.8,850,1.7
5.3,777,1.5
20.7,1316,5.0
5.3,778,0.9
12.0,1049,2.5
4.1,718,1.0
21.2,1330,4.3
10.1,982,1.9
5.0,762,1.2
25.4,1440,4.7
8.5,919,1.3
8.4,917,2.0
8.7,927,1.7
3.6,686,1.0
20.0,1298,3.5
13.5,1099,2.3
9.9,973,1.3
12.5,1067,2.5
5.9,805,1.2
19.4,1279,3.3
7.4,872,1.2
2.0,586,0.6
13.4,1098,2.8
9.6,961,1.7
3.7,697,0.9
4.3,727,0.8
18.5,1254,6.0
8.5,920,1.7
15.0,1149,3.5
6.7,845,1.6
3.5,682,1.0
8.6,926,1.5
16.2,1185,3.4
24.1,1406,4.7
5.1,769,1.1
1.7,563,0.6
7.7,886,2.1
9.5,957,1.9
19.2,1274,4.5
4.0,708,0.6
6.6,840,1.6
9.4,956,2.3
6.0,812,1.6
4.0,709,1.4
4.1,717,1.1
14.5,1133,3.1
9.9,975,1.8
7.6,884,1.7
6.4,831,2.3
11.0,1015,2.0
22.3,1360,3.9
2.9,646,0.6
23.7,1397,5.5
9.4,954,2.9
8.0,899,1.6
5.8,803,1.6
12.1,1053,2.4
14.3,1127,2.8
7.4,875,0.9
10.0,979,1.9
5.0,762,1.5
6.8,849,1.2
3.4,677,1.4
10.9,1009,1.9
20.1,1300,4.6
18.9,1265,3.0
5.4,783,0.9
6.3,825,1.9
8.5,919,0.6
32.6,1610,6.5
4.5,737,1.3
8.5,919,2.7
18.1,1243,3.4
9.3,953,2.1
1.8,566,0.9
8.5,921,1.9
3.3,668,1.1
5.7,800,0.8
7.3,869,1.6
15.6,1168,2.6
1.3,524,0.6
1.0,495,0.8
16.5,1194,2.4
0.9,489,0.4
10.8,1008,1.7
9.3,951,1.7
4.0,713,1.2
20.9,1321,3.4
1.3,530,0.4
7.1,859,1.5
1.0,502,0.5
14.7,1141,2.7
15.8,1172,3.4
17.9,1237,3.6
8.5,919,5.5
8.6,926,1.9
8.5,918,2.1
4.2,719,0.5
14.3,1125,2.1
2.6,628,0.6
5.9,805,1.4
1.9,574,0.6
16.8,1204,3.7
10.0,978,2.3
27.0,1478,5.0
19.6,1285,3.5
17.6,1226,3.4
21.2,1331,3.9
13.5,1099,2.4
8.5,919,0.8
6.4,828,1.3
5.7,796,1.1
11.2,1021,2.8
8.3,912,2.3
14.4,1131,1.6
7.6,883,1.4
12.6,1071,2.6
6.1,818,0.9
6.9,853,1.8
9.0,939,1.7
3.7,695,0.6
6.0,811,1.4
12.6,1071,3.5
15.2,1155,2.7
10.1,983,2.2
2.2,598,0.4
8.9,934,2.4
4.2,720,0.9
50.7,1981,3.1
8.4,915,1.8
22.0,1352,3.7
21.4,1334,3.5
2.8,640,0.5
30.8,1570,6.8
5.8,805,1.6
1.1,508,0.6
12.9,1080,2.2
17.0,1210,2.9
6.5,833,1.8
1.7,565,0.4
11.9,1047,1.9
16.6,1197,3.2
16.7,1200,3.2
7.9,895,1.4
2.3,605,0.8
1.9,578,0.5
11.7,1039,2.8
10.3,987,2.7
8.5,919,0.6
29.0,1528,6.6
16.3,1188,4.1
14.4,1131,2.5
10.6,1000,2.5
18.8,1264,2.8
4.8,754,1.2
14.2,1123,2.6
11.3,1024,2.7
6.2,822,2.7
4.2,721,1.4
0.7,472,0.3
8.7,929,2.0
4.8,752,1.2
32.0,1597,5.0
3.0,649,1.0
9.7,968,2.8
4.9,758,0.7
4.8,752,1.3
2.2,597,0.4
17.4,1222,3.4
7.9,894,2.5
22.5,1364,4.3
20.2,1301,4.9
7.3,871,1.7
8.5,919,1.7
6.9,855,1.5
9.3,953,2.3
5.2,773,1.2
30.4,1561,4.8
8.5,919,1.4
8.5,919,2.3
2.6,625,0.7
19.3,1277,4.8
8.5,919,3.0
9.0,940,1.7
5.5,790,1.3
10.4,992,1.5
23.8,1399,5.4
5.6,791,0.8
6.9,854,1.7
11.2,1022,1.8
2.5,620,0.6
14.6,1138,2.6
4.7,750,0.7
6.4,829,1.5
10.4,992,1.7
3.2,666,1.2
8.6,923,1.9
3.5,680,0.7
31.1,1577,5.6
12.6,1069,2.1
5.7,797,1.0
31.3,1582,6.2
9.2,949,1.5
15.9,1176,3.2
9.6,963,3.0
17.3,1219,3.8
0.4,429,0.3
12.5,1065,2.7
11.5,1032,2.1
16.7,1202,3.3
12.5,1068,2.4
22.0,1351,4.7
8.5,919,1.1
4.7,748,1.2
19.9,1292,2.9
17.8,1234,3.8
10.7,1004,1.8
3.3,672,0.5
5.9,807,1.8
8.5,919,5.3
14.6,1137,3.3
4.5,738,0.6
11.9,1046,2.3
13.6,1105,1.4
7.5,877,2.3
1.1,505,0.5
21.5,1337,5.0
8.2,908,2.3
22.3,1358,4.5
10.5,997,1.7
32.4,1606,5.6
3.3,672,1.2
1.1,509,0.5
8.7,929,1.4
6.0,812,1.4
5.2,773,1.0
6.8,849,1.9
26.7,1471,4.7
28.8,1522,5.0
4.8,753,0.9
4.9,757,0.2
1.7,559,0.6
8.5,919,4.5
10.9,1009,2.4
8.5,919,4.0
21.3,1332,4.1
4.6,744,0.8
3.4,679,0.9
8.1,901,1.9
9.1,942,1.9
9.2,946,1.6
8.8,930,1.5
4.0,708,1.0
18.9,1267,4.0
11.9,1047,4.1
5.3,779,0.8
17.8,1233,3.9
15.3,1159,3.9
17.5,1225,4.0
4.8,753,1.4
8.5,919,3.0
0.7,462,0.3
4.2,721,0.8
10.6,1001,2.7
6.5,834,1.9
12.6,1070,2.1
4.1,717,1.0
8.1,902,1.5
3.5,684,0.5
14.0,1116,3.5
1.5,548,0.6
12.3,1062,2.5
10.1,983,1.8
4.5,735,0.8
8.5,919,4.2
2.2,597,0.4
5.6,792,0.6
25.0,1428,4.3
8.5,919,6.8
10.9,1012,4.1
3.3,669,1.0
15.3,1159,2.6
7.4,876,1.7
11.3,1024,2.4
3.3,671,0.9
5.8,802,0.8
5.0,766,0.9
12.0,1048,1.6
2.1,592,0.8
6.0,814,1.2
11.8,1043,2.4
14.5,1134,3.1
9.0,938,1.7
8.3,913,1.6
25.6,1445,4.6
8.5,919,3.1
3.2,665,1.3
1.5,545,0.4
11.1,1019,2.0
7.1,861,1.2
8.5,919,1.7
0.9,486,0.5
1.6,551,0.6
8.2,909,2.7
24.8,1425,4.6
13.7,1106,0.9
4.6,743,0.9
16.5,1195,4.0
4.1,718,1.0
15.0,1149,3.4
5.5,789,0.8
3.4,675,0.9
5.0,762,0.8
1.9,574,0.7
17.4,1223,4.4
12.5,1067,2.6
20.2,1301,4.1
1.8,569,0.8
4.7,750,1.7
13.0,1083,2.8
0.2,402,0.2
6.2,821,1.6
11.7,1040,2.8
19.5,1282,4.6
13.8,1111,3.3
9.6,964,1.7
6.0,813,0.8
8.5,919,3.1
9.0,939,2.7
3.1,655,1.0
12.1,1054,1.2
6.9,852,1.1
5.8,801,1.8
5.6,791,1.4
9.0,940,1.8
8.1,904,2.6
16.9,1207,3.4
14.8,1141,2.4
5.8,803,0.8
17.6,1228,3.9
1.6,549,0.6
5.7,799,1.2
25.3,1436,5.3
9.4,955,1.9
4.3,729,0.2
14.0,1117,2.8
2.2,601,0.4
9.2,947,1.7
0.3,415,0.4
8.3,911,0.9
14.4,1130,2.3
15.3,1159,3.8
1.9,576,0.8
17.6,1227,3.8
8.5,919,2.6
0.4,429,0.2
16.5,1196,3.5
12.4,1062,2.7
8.3,910,1.9
8.5,919,2.4
8.5,919,7.5
23.1,1381,4.4
15.8,1172,2.2
20.1,1299,2.9
20.5,1310,3.5
8.5,919,3.5
11.0,1015,3.0
10.6,998,1.7
8.6,924,2.0
17.3,1218,3.5
3.1,658,0.6
8.5,919,3.6
8.4,916,2.3
6.3,825,1.6
2.4,615,0.9
6.7,844,2.0
4.6,744,1.4
5.0,765,1.4
29.8,1546,5.4
3.8,699,1.3
11.8,1042,3.0
7.5,880,1.9
6.8,849,1.6
1.9,580,0.9
8.5,919,2.3
4.8,751,0.8
15.0,1149,3.3
12.3,1061,1.9
16.3,1190,3.5
7.0,859,1.7
5.7,796,1.6
8.5,919,2.2
8.8,932,1.8
8.5,919,2.5
2.2,601,0.4
38.4,1737,7.6
7.6,884,1.7
5.2,774,1.5
4.4,734,1.2
9.2,946,2.1
12.3,1059,1.6
3.3,670,0.7
8.5,919,3.5
11.0,1015,1.9
5.6,794,0.8
6.2,821,1.3
7.3,869,1.4
9.2,947,1.8
14.8,1141,3.0
12.0,1051,1.8
8.5,919,1.1
7.1,862,1.3
1.0,495,0.6
1.8,571,0.8
15.8,1173,3.1
33.7,1637,7.3
8.9,937,1.2
6.7,845,1.5
12.0,1048,2.0
14.6,1136,4.2
2.5,618,0.9
27.3,1485,6.7
15.5,1165,2.5
12.3,1060,3.0
12.9,1080,2.2
12.4,1063,3.7
11.8,1042,1.7
19.0,1268,3.2
3.6,687,0.8
2.8,639,0.6
12.8,1078,2.1
9.1,943,1.8
11.8,1043,2.3
7.5,877,1.8
4.2,723,1.0
3.6,690,0.8
1.2,520,0.7
8.5,919,4.1
8.1,903,1.4
5.1,768,1.2
8.5,919,1.0
5.1,767,0.6
7.3,868,1.8
9.4,955,1.7
27.7,1496,4.8
2.7,633,0.2
4.0,709,0.7
5.0,762,1.1
4.9,760,1.4
8.9,936,2.0
1.7,562,0.5
14.9,1145,3.2
3.0,652,0.8
12.7,1075,1.9
3.1,656,0.4
1.8,565,0.5
3.5,684,1.0
14.7,1138,2.4
4.9,759,1.3
8.5,919,0.7
4.4,734,0.9
7.1,862,1.4
13.2,1091,2.8
26.1,1458,5.0
8.5,919,1.5
7.0,855,1.7
11.4,1030,2.3
10.2,986,1.7
16.4,1193,3.4
3.8,702,1.1
8.5,919,3.0
5.8,803,0.6
17.0,1210,3.5
2.3,602,0.7
8.8,931,1.4
20.0,1297,4.1
7.0,859,1.0
21.0,1325,3.5
8.2,908,1.4
3.6,688,2.0
8.5,919,1.4
24.1,1407,5.4
9.1,944,2.9
3.8,701,1.2
10.2,986,2.0
11.6,1034,2.6
12.9,1079,2.2
36.9,1706,6.7
10.9,1012,2.0
8.5,919,4.5
8.8,931,2.0
2.7,636,1.0
3.6,687,1.1
12.0,1048,2.3
